CustomerID,Name,Age,CreditScore,TransactionAmount,LoanAmount,LatePayments
e11fa949-37eb-4999-bdbd-5d3c401b80fa,Chloe Cooke,43.0,592.0,5014.0,2678.0,2.0
416c9fe3-d43b-45a5-978e-aa8a4311b5c9,Curtis Nguyen,36.0,337.0,2265.0,1354.0,5.0
b1b99342-704e-449f-90f7-2c5287518e1f,Joseph Gonzalez,47.0,529.0,2975.0,4134.0,2.0
67a301f6-c1ad-49be-92f6-36e6201c82ac,Anthony Webster,32.0,810.0,4140.0,2108.0,2.0
a90ff7c6-c1ac-4fe5-896f-dfb1685b7a3b,Felicia Blair,63.0,394.0,6080.0,4282.0,0.0
9b2239f3-8556-4c7a-acf8-03ab4f82540a,Kerry Cole,31.0,494.0,7020.0,428.0,1.0
8a7a368f-1fed-485e-bb61-c7a3ae72ed81,Jeffrey Holden,37.0,313.0,9191.0,3835.0,3.0
5ca1a40c-eba4-41ac-89cc-6a41126362a2,Christopher Padilla,42.0,341.0,7173.0,361.0,5.0
4bb47514-3d57-4c12-bcf9-f0ca9c2f4d51,Christopher Williams,37.0,835.0,3108.0,1186.0,1.0
f42056ca-dd73-44cd-85d0-2630408876f2,Christopher Parker,52.0,490.0,3591.0,2881.0,1.0
27d2b361-1a83-4436-beb5-930fb31bca5a,John Garcia,46.0,628.0,1251.0,1589.0,1.0
f19bbd67-08f3-4e2d-9ae4-fc708a75d4d9,Grant Armstrong,24.0,664.0,5503.0,2167.0,2.0
e52a9f86-6305-42bd-a289-8d69f80cc8e2,Alexa Hunt,34.0,809.0,4673.0,1661.0,0.0
a5796266-02d9-4e54-a68c-df40f0d54d3a,Rebekah Simon,31.0,306.0,3800.0,3695.0,1.0
2175bae0-bd8d-4085-a2a2-b70f29d0e7c8,Elizabeth Warren,63.0,418.0,9283.0,4712.0,0.0
554c73f6-677d-42f9-affc-02681efce62d,Carol Blevins,42.0,315.0,9067.0,3779.0,2.0
e5efccb3-3879-4cf7-a68a-d9073247c2d6,John Perez,39.0,314.0,8331.0,4715.0,4.0
182e32a1-cb55-4aa2-a041-b6196df6ce66,Jennifer Lowe,60.0,656.0,508.0,654.0,0.0
51ca2b5d-abf4-43b0-9f1b-dc84db820b82,Betty Wilson,52.0,388.0,5842.0,948.0,5.0
42c9d644-fb32-4529-8e65-99e8a8cb47d6,Melissa Howard,52.0,799.0,274.0,3660.0,3.0
12cc51c3-303f-4c7a-9320-0de4f06e8ef0,Megan Schultz,35.0,844.0,2638.0,3980.0,5.0
722dc04d-2abb-4ed5-83ae-5778b18d019e,Nathan Powell,23.0,363.0,1721.0,1272.0,2.0
50ea5715-8919-412c-b091-534ad80977bc,Vicki Butler,41.0,331.0,5286.0,3802.0,3.0
5102d1bc-6e5c-42f5-914e-45067a962061,Ryan Harvey,62.0,336.0,7966.0,4925.0,2.0
6a58a1e5-eb7c-4f3c-a922-835afd71e22f,Sharon Harmon,53.0,468.0,6539.0,4923.0,1.0
6525dab8-8c86-4398-a376-6ed327ceeb36,Virginia Knox,49.0,542.0,8977.0,2148.0,2.0
74cb6b53-f3a6-4abf-926f-8f3fdcacba01,Christine Jones,34.0,415.0,7077.0,3631.0,3.0
60334f55-37d1-4ace-9ced-9236b2bd506f,Pedro Austin,33.0,532.0,7183.0,2971.0,4.0
c27dc829-85c2-48c8-91ab-9ae4e0e9b327,Matthew Barnes,38.0,647.0,8450.0,2535.0,1.0
29854fad-7715-490f-b2f6-fe7582bd59ec,Michael Jackson,39.0,353.0,9479.0,961.0,2.0
5f47dd77-2e38-4bc7-9049-d75f88e9a749,Roberto Lopez,62.0,638.0,8144.0,236.0,1.0
6376fc11-b783-4cd7-b84b-9c9d77ce1dab,Casey Ward,46.0,808.0,9873.0,703.0,3.0
e79f80d6-d4f7-460b-8c73-d42e47ba58dd,Steven Ferrell,37.0,590.0,1101.0,2440.0,5.0
e91710ba-269b-471b-a912-95fbad2bc04b,Travis George,53.0,654.0,6985.0,2820.0,3.0
fe3aa5b0-bf62-4b16-b856-be7c6d6fc5e2,Charles Miller,56.0,544.0,9047.0,3627.0,2.0
e4b2afcb-1cde-4bf8-9652-7ef62671c408,Felicia Diaz,50.0,761.0,2167.0,4039.0,3.0
0a50ad4e-77ad-4595-a71b-7e071c460b04,John Greer,37.0,492.0,7034.0,4040.0,3.0
a778cafa-a672-4570-8770-d462536c16a4,John Davis,62.0,848.0,6318.0,2177.0,2.0
b994b42e-85f9-4dfe-93c8-1f87a336983b,Jennifer Vaughn,36.0,814.0,1566.0,1660.0,2.0
7a7fddfe-3cc5-4a2d-af13-ca882dd18bf8,Megan Barnett,54.0,613.0,4532.0,4830.0,3.0
20a45c1e-ac6a-4b22-b226-ca2a51336876,Charles Smith,43.0,305.0,4223.0,4916.0,2.0
a4e100e1-f415-4fae-93fe-069023ca29ed,Dana Bush,50.0,700.0,5110.0,126.0,0.0
af2c763b-99ff-42d4-9293-6ae1634c97d8,Jonathan Perez,60.0,478.0,1799.0,2081.0,0.0
7ca4f74a-564a-41cf-9882-3c015b064724,Kim Campbell,27.0,384.0,3023.0,282.0,2.0
ee527ae6-0960-4f69-b470-cc7d6a15d729,Rebecca King,31.0,596.0,3469.0,3878.0,2.0
fa58e162-8c10-46c3-b1cb-d3ab2ef1bcc8,Megan Mendez,43.0,655.0,734.0,4545.0,5.0
26cc6523-5e3f-4d94-8ac6-af836d8f2578,Barbara Davis,60.0,466.0,845.0,639.0,0.0
354029d2-7cfc-4f9d-9cbc-bc262b9b0867,Craig Allen,28.0,732.0,2952.0,1219.0,2.0
2abe02be-5bf8-4554-9f25-2b51f879fe73,Brenda Mora,59.0,368.0,8105.0,1400.0,4.0
d1f9dee6-6d75-4843-8bc1-0df3fc843102,Victoria Miller,19.0,771.0,1041.0,3044.0,2.0
96452c98-38df-4fe2-b355-2f580538bfc2,John Lambert,24.0,327.0,4676.0,3120.0,2.0
e9b25dd3-5eb5-4b22-be2a-d1a5d519e967,Susan Fuller,62.0,780.0,5227.0,682.0,1.0
3a01e8b6-cddc-43e3-8f82-7abc8170b150,Jason Williams,64.0,511.0,5467.0,4046.0,3.0
3db13a74-f54b-49ad-9d06-757f93fb24de,Scott Conley,19.0,833.0,171.0,1600.0,5.0
d81d47cb-6fcd-4ce9-b0a5-88e61f059b41,John Wright,47.0,784.0,2786.0,1770.0,1.0
6ced5ada-25eb-4775-ae35-2e6bbc99b549,Erin Fernandez,24.0,695.0,2196.0,2166.0,4.0
90840f4a-5deb-4bce-a1b7-5a3f5850dcff,Jennifer Brown,45.0,473.0,7951.0,1919.0,4.0
4e90ae43-05f9-47c9-b265-1cd10b595aa4,Taylor Serrano,32.0,583.0,5588.0,4543.0,3.0
2d00b084-fb61-481a-aca7-cad6d87a29cd,Isaac Serrano,37.0,699.0,1103.0,3248.0,3.0
3569e2a6-2b3c-4efd-b87f-511bce314712,Emily Duncan,39.0,561.0,4471.0,4639.0,4.0
d2edd8a6-985b-44ea-9c94-989d194b1979,Lindsey Brooks,49.0,403.0,9470.0,4719.0,3.0
222743a9-8ebe-456d-ab89-973da6422830,Maria Greene,27.0,621.0,1065.0,3647.0,0.0
ad8cd263-5deb-41ea-af7f-e5ab8210717b,Michael Bray,23.0,738.0,5576.0,1344.0,0.0
3bf0e874-4c65-420b-8ab3-fbb5f76125f4,Jacqueline Cochran,35.0,406.0,7989.0,1526.0,0.0
20db0c2b-c494-46bd-bc31-865d8b8acff9,Jose Brandt,49.0,336.0,9705.0,2436.0,1.0
003553b0-bfe6-41db-98e2-d2994af8c789,Wanda Garcia,43.0,501.0,9966.0,49.0,2.0
6b2e348d-dd78-4bbf-b5c1-ab4b11c061e6,Jillian Smith,57.0,572.0,9534.0,1125.0,3.0
ad97e4f6-5cd1-4641-86e6-9f79336e7563,Carrie Clark,57.0,419.0,4093.0,3161.0,2.0
bd12354b-e718-4694-9ec1-075e4437e870,Michael Dean,25.0,481.0,1534.0,2824.0,4.0
7860e081-c498-44c7-bfa4-c81bbc036f5e,Mr. Jason Brown DVM,50.0,799.0,4757.0,630.0,2.0
e8898b5c-cb9a-4b47-89f1-abace35e2729,Laura Whitehead,58.0,432.0,259.0,4918.0,1.0
180b5210-56c7-4ff8-9b87-70ed7dbde352,Kyle Ponce,45.0,589.0,9799.0,3186.0,5.0
a6bbac0c-aea3-4a72-b396-405c688cee85,Theresa Guzman,41.0,614.0,1631.0,4746.0,1.0
00fc535a-9223-46f3-a8a2-2447824802ef,Misty Thompson,52.0,407.0,2800.0,224.0,3.0
7c1febfb-efe3-4822-89c3-d12693a5a1b5,John David,50.0,628.0,9439.0,4014.0,5.0
8ffc85ab-ca62-483c-9e86-020502e2a323,Jack Frye,54.0,305.0,2270.0,277.0,5.0
2484594d-40bb-4a40-934b-d228acc4bc31,Sarah Fletcher,46.0,713.0,1868.0,2584.0,0.0
b316c0a0-d3bc-4c6b-9ea3-0e68a813a395,Anna Griffin,47.0,375.0,6645.0,10.0,5.0
f6c7f48b-88d1-49b8-8a51-317916652f42,Kelly Davidson,65.0,706.0,3398.0,4398.0,4.0
2872cb48-bf5b-4628-87db-d93086b160cb,Annette Lewis,53.0,526.0,5794.0,3249.0,2.0
7403b39b-a0da-4cc4-b64b-e4ece933ad05,Michael Ferrell,38.0,327.0,8877.0,3717.0,0.0
15cf8b4c-b2bd-4ff9-a96f-a131eb6cb6de,Melissa West,48.0,645.0,4483.0,1904.0,3.0
62db17c0-eff0-4c57-bfbf-4f9c443f15e0,Nathaniel Richmond,30.0,495.0,2729.0,3129.0,3.0
951cc520-789e-466a-bb5c-4efad3fcabc9,Hunter Garcia,51.0,837.0,1584.0,4695.0,4.0
4fe9ff98-7bab-4bfc-8bcd-999aeef31388,James Hansen,44.0,394.0,6877.0,4580.0,5.0
ae706eae-e09f-43b5-bbea-9fc5c7fdcf08,Veronica Krueger,61.0,732.0,7325.0,2450.0,3.0
2f1d61b0-1bbc-4400-873f-34b19c974092,Jonathon Anderson,57.0,632.0,2578.0,1541.0,0.0
531cc649-1b06-402b-aa7b-332b06f1efdc,Katelyn Tate,57.0,849.0,2941.0,1871.0,3.0
42a739ee-c37e-48b0-9f6c-603697e0ad9b,Jessica Nelson,47.0,521.0,3254.0,630.0,1.0
2ce5cc82-1313-4d6a-9460-0ce749f9886c,Dana Wiley,64.0,629.0,9949.0,2741.0,3.0
df7842dd-2f69-41e5-aaa1-b1120ab71706,Tracy Brown,23.0,729.0,6657.0,2053.0,2.0
fdab045d-2572-44ab-9efe-991662852d3b,Walter Chavez,48.0,849.0,6874.0,1818.0,3.0
694b2858-9499-4e2e-92ed-70c1907cb190,Isaiah Lopez,38.0,513.0,689.0,2205.0,2.0
8fa45fb2-c1ad-4568-990e-d7368482cca3,Lori Graves,64.0,677.0,5315.0,2252.0,3.0
a7d415cf-ddf8-4fc4-9b58-040d5bfc1708,Kenneth Rogers,27.0,426.0,7527.0,1764.0,4.0
0c09e865-69dd-4f6c-b548-c76fe5a47f60,Andrew Moran,29.0,825.0,5490.0,4387.0,0.0
0c201970-fb7a-4187-951f-2e4db37f6ea5,Timothy Martin,37.0,740.0,9349.0,106.0,4.0
35e00c26-8673-47e5-8c96-eb8872b715de,Mr. William Mason III,26.0,552.0,2160.0,177.0,5.0
d421de31-b831-4a61-a294-7da1c33d0c21,Lynn Thomas,38.0,633.0,4929.0,1705.0,2.0
746a5011-241f-43c5-97b8-08d5f332f7ee,Dustin Stone,47.0,429.0,448.0,3210.0,2.0
46bfa4be-399a-451a-96b8-da63ac3a05c2,John Hughes,54.0,664.0,6142.0,3408.0,3.0
5c939ec3-1db9-4062-890f-589ca423a476,Bryce Hill,46.0,430.0,2765.0,4851.0,2.0
ecc85523-11e9-403f-8a15-2e1ab19ca3b4,Ashley Vincent,33.0,754.0,5679.0,3480.0,1.0
3ac28f28-ed1f-430c-91ea-e4ad08f74009,Spencer Johnson,32.0,488.0,6664.0,4839.0,3.0
79b1d05a-4293-4f71-96f8-43b9901c6233,Angel Maldonado,43.0,770.0,8522.0,30.0,2.0
c945df2b-126d-4579-a78f-54fd6acfabef,Eric Vazquez,39.0,484.0,6885.0,1001.0,2.0
6aee4cfe-5298-443e-8768-c9e84f6f5df0,Lisa Cole,57.0,517.0,7187.0,856.0,2.0
b330403f-f7b0-4c9c-b654-0e75bd124120,Andrew Jackson,27.0,689.0,5199.0,2362.0,5.0
8129fc22-fad2-4a97-bc60-b0bc4e732f14,Maurice Banks,40.0,551.0,1923.0,2126.0,1.0
6d7087f2-12c2-410b-940b-9627847ced85,Alexandra Liu,49.0,542.0,3674.0,3650.0,4.0
77694355-bad7-4163-85e2-ffd2f09fd299,Debbie Scott,49.0,338.0,3268.0,2966.0,5.0
30ac4d56-d39d-46ac-b1df-911ce61f4bdd,Shannon Lee,27.0,774.0,3252.0,3315.0,4.0
69404173-c844-4fb6-b67b-0fb97e380d6d,Larry Bray,42.0,507.0,1285.0,4227.0,0.0
eecfe583-dff8-4510-8bd2-f8d792419de8,Jennifer Palmer,46.0,720.0,8999.0,3215.0,3.0
1134e85f-2dbe-4da8-af75-c11d4b1cdd09,Cassandra Palmer,47.0,840.0,1243.0,3680.0,0.0
2d401218-5926-4be3-a6ce-2050e9f442a2,Elizabeth Smith,43.0,471.0,961.0,2269.0,0.0
af4de119-13b8-4512-87b1-6986800bcd7e,Nancy Arnold,35.0,736.0,3049.0,3623.0,1.0
dd9f0b65-f07b-41b4-9323-79985f4f8c8b,Nathan Robinson,65.0,389.0,6812.0,3745.0,4.0
6c2855ce-2e17-4bd6-9525-d4c20f660d7d,Shawn Vaughn,39.0,303.0,782.0,387.0,1.0
598a77a3-1d2c-491c-bcdb-3bd2ef969900,Angela Wood,32.0,301.0,8037.0,4576.0,5.0
c446e851-5844-4f82-bdd8-33a5c4707ddc,Joseph Heath,41.0,498.0,2124.0,1289.0,0.0
bfe31c0a-7a82-4b1f-8e67-af3c22de3f85,Barbara Thomas,31.0,751.0,7668.0,3973.0,1.0
83a10f71-944c-454f-8cc3-81db23f3fd9c,Amanda Hart,20.0,514.0,3289.0,12.0,0.0
4acfeae4-5120-4264-a966-3c7e26172298,Lindsey Martinez,64.0,745.0,9489.0,439.0,1.0
c9fd1607-214f-4cfd-a172-2574bbd3769c,Benjamin Rodgers,46.0,729.0,4347.0,1819.0,3.0
86b8c9bd-f19b-426d-bda0-47d80dbf527e,Rachel Porter,63.0,797.0,3920.0,765.0,5.0
e03a7f6e-81c0-423d-ba91-34ff3a024457,Robert Robbins,22.0,799.0,9602.0,1030.0,4.0
ca950136-3ae5-44ad-9d6a-7341887f5e06,Michelle Travis,57.0,721.0,2673.0,3021.0,1.0
8aa73e5a-bdcb-4562-9224-19b880aec246,Seth Green,35.0,771.0,9025.0,1802.0,4.0
cb941d1d-c2d5-47a1-b2de-869bb67da0a7,Kimberly Allen,63.0,455.0,5435.0,20.0,4.0
068a8764-dd02-40e8-803b-7b964f2643b5,Dana Jenkins,41.0,751.0,368.0,2129.0,1.0
74352ac4-e4fd-421b-9328-da1723efb757,Olivia Sanders,35.0,597.0,6229.0,1235.0,4.0
0b4adce3-d39f-4d1b-b9d5-fd8576062e43,Amy Miller,34.0,742.0,4747.0,4598.0,2.0
3764268c-fe17-4601-a89c-6241c55d9ab4,Kathryn Hill,56.0,520.0,4137.0,3798.0,0.0
c98ee98c-7aa3-48df-84a7-cd78d5e3d99b,Daniel Wilson,37.0,332.0,8291.0,783.0,1.0
566df2b6-8ffc-45f5-8895-9d77284a061b,Kelly Lane,40.0,684.0,5809.0,1137.0,2.0
80261ab1-d7c1-40ad-9e62-4bce9428257e,Jacqueline Calderon,49.0,313.0,5916.0,2014.0,3.0
e274281f-8b10-46da-8847-7df5f66078e9,Amanda Woodward,54.0,662.0,1862.0,104.0,2.0
ec11c7ac-a307-4916-872c-14eb43bb81f4,Erin Atkins,35.0,682.0,2115.0,4965.0,4.0
4e34c5f7-dcc1-49e7-8759-e5a160514a01,Michael Martin,41.0,579.0,4434.0,4465.0,0.0
6f49bfdd-86a3-4463-b508-e413c1e8fc05,Morgan Bailey,44.0,405.0,6777.0,1739.0,0.0
fa80987d-0700-4f4f-85d2-f95868d5bcde,Karen Gibson,49.0,308.0,6205.0,1623.0,0.0
4b4449ca-fcae-4ea6-91a5-a38913a7a624,David Dominguez,43.0,639.0,1060.0,3653.0,1.0
3fce610b-4cf3-4fe1-b68c-d9c65d7a5b4e,Andrew Henderson,40.0,380.0,6076.0,203.0,4.0
399b9afb-b56b-42e2-b350-67502159a225,Cassidy Barron,47.0,680.0,2314.0,3112.0,2.0
120ca51e-b081-427d-bb50-7922de4b20c5,Carmen Fletcher,36.0,807.0,7966.0,121.0,2.0
09602fe1-4249-4477-8f11-cada9f03eee6,Erik Hanson,22.0,341.0,2892.0,3627.0,5.0
9f478ae4-1e94-4bb5-94b3-5e88deec888e,Brian Hodge,40.0,407.0,9173.0,861.0,4.0
89d53908-5b6e-4cb6-86dd-8fe02296a1f3,John Johnson,27.0,405.0,5120.0,4184.0,5.0
5aae7e74-b3ea-46be-966b-4dc457710767,Dennis Hamilton,43.0,453.0,967.0,4639.0,3.0
538365e0-4082-4fb9-a546-24e30165c0bc,Caleb Shepherd,28.0,347.0,1198.0,2443.0,0.0
e8082586-3166-48ae-b49b-71c9737a3ade,Richard Reid,19.0,388.0,6220.0,4003.0,0.0
9dfec603-042e-42db-a492-3fd237182e4e,Michael Brewer,40.0,421.0,8613.0,3274.0,1.0
b0a598ae-f0c8-4a2a-8094-59cf631997d3,Kelly Sosa,55.0,565.0,8045.0,3710.0,5.0
02b45b5e-0442-4469-94a7-25ad84b0a138,Stephen Miller,60.0,609.0,6414.0,678.0,2.0
7435f618-01d5-4cb8-86b1-047c8113c282,Sara Rice,57.0,545.0,796.0,1195.0,2.0
da1c7ec4-6404-4d0d-b702-9df342b56d36,Paula Tucker,41.0,734.0,3150.0,3431.0,0.0
c7c13bab-7b80-4564-907f-eff6f4c5dd08,Sarah French,36.0,682.0,7013.0,2420.0,2.0
0a47159e-d0fb-4e06-82a2-ffab60301a6d,Anthony Hunter,35.0,462.0,938.0,2943.0,1.0
755bc634-e149-4a85-afb7-9b4bf5ba141c,Melanie Hill,38.0,647.0,5285.0,4971.0,3.0
a6aae1a2-3449-4641-bc9a-892a180885e9,Tracie Gentry,27.0,662.0,2653.0,1522.0,5.0
7e53e886-d2f6-49d6-996c-b3908da36465,Juan Bowman,40.0,680.0,5780.0,3206.0,1.0
711d38b8-5eec-4489-bbb8-699ecace1a99,Robert Castro,40.0,574.0,8777.0,3028.0,1.0
d8442c91-ac9f-4df0-8571-dd2641d0f0df,Victoria Cooper,54.0,684.0,6451.0,548.0,3.0
1484eb88-f6de-4ef8-8af2-ebafa7b87dbd,Tiffany Davis,61.0,419.0,8023.0,3392.0,1.0
2aebc527-de5b-4e9f-8a58-ee743016044a,Scott Clark,43.0,647.0,3899.0,72.0,5.0
c80be3d7-f716-4961-a7d9-2dcf5b0b6336,Deanna Reynolds,30.0,705.0,1198.0,1680.0,1.0
5d01062a-5383-4fe6-9b87-9e36b182a7ee,Gina Johnson,25.0,672.0,9901.0,2854.0,3.0
ec1bf0a2-6b3f-4c9d-938f-43dfd3d30bba,Patrick Brown,60.0,462.0,8841.0,2143.0,5.0
443166e3-1dea-45c5-a0f5-1722046d788d,Timothy Copeland,33.0,630.0,6066.0,1094.0,1.0
fd2ee4cc-8ae7-4dde-af5d-ff4a7fd70e8c,Mary Gould,24.0,829.0,5810.0,1037.0,3.0
02ab7bdf-dc34-4444-bc7b-adca76ec9e70,Danielle Perez,24.0,752.0,280.0,1024.0,1.0
9614c6b4-6f3f-4863-a69d-6870111a64b7,Jennifer Wolf,35.0,547.0,3797.0,3110.0,0.0
69d31254-473d-4c99-90da-a978ff3c5da8,Mary Reynolds,40.0,780.0,4366.0,908.0,0.0
103f1010-f13e-4353-a40d-bc063dc32248,Erica Greene,28.0,518.0,2875.0,3981.0,5.0
effe0de6-d309-44fd-90ba-6586feb6ea17,Jennifer Crawford,64.0,766.0,5561.0,1363.0,0.0
550e4774-c767-43e9-ae09-05e687d795ce,Karen Hoffman,62.0,722.0,5740.0,2695.0,1.0
13202bec-3513-4be7-b25a-d6b1b9f375a6,Matthew Roberts,24.0,432.0,4309.0,2007.0,1.0
4c03c802-b65f-4632-8b76-2e5758eba9e1,Mark Cabrera,61.0,378.0,4091.0,3455.0,0.0
495e7e7a-fc3a-4a20-8b38-bea34fe1ccf9,John Joseph,20.0,754.0,580.0,2646.0,5.0
8132cd4f-3002-4067-bb49-77868a8ef9c4,George Gilbert,49.0,315.0,3367.0,4838.0,4.0
381c844a-9273-4d5c-b1a8-ccd8e487fbc7,Rachel Schultz,48.0,343.0,824.0,908.0,1.0
277ecd68-ba55-45f6-9595-75c5089b2b0d,Robert Vincent,36.0,846.0,9002.0,3738.0,2.0
f2a33536-1730-4809-8feb-73e326d68028,Stephanie Fuentes,22.0,379.0,5667.0,4140.0,3.0
35b22360-0973-455d-b015-93840164aa85,Ethan Taylor,25.0,492.0,6333.0,560.0,3.0
0875315c-0cdb-496a-b0b6-c19199d75220,Laurie Rivas DDS,36.0,635.0,4411.0,4016.0,2.0
d6daa4af-c86b-4478-ae6e-11a297d3273e,Ronald White,21.0,827.0,1763.0,997.0,3.0
73fceb0a-67b8-4c4e-9c81-089a8d485d04,Michelle Gross,31.0,389.0,3685.0,4024.0,4.0
9f3181ce-6f4c-4cc2-99c4-3407c57a9dd3,Jacob Pollard,25.0,793.0,3981.0,1309.0,4.0
a67c6160-94b9-46e9-befa-d1152d043fe7,Dale Edwards,43.0,369.0,772.0,1256.0,5.0
cb4b88b2-7209-4201-a477-037e64072113,Karen Nichols,52.0,573.0,1347.0,1665.0,2.0
4a69e890-6716-4099-a917-43952654b0f5,Ashley Patel,30.0,638.0,3908.0,3638.0,3.0
e3cb0479-cf8c-42ea-9dc2-fd8c55a0599a,Charles Norman,35.0,521.0,3376.0,1843.0,1.0
8eb1d66f-053c-462c-badc-09d58c97702c,James Morris MD,33.0,813.0,423.0,1073.0,5.0
d442454c-b5cc-4014-a479-de09462bebdd,Nathan Best,29.0,446.0,2338.0,2761.0,0.0
a8811fe1-b886-4b79-abcf-71e3cf1c8f41,Christopher Mcmillan,29.0,696.0,5691.0,2570.0,0.0
29d0b344-b3bc-4807-abcf-fd715d92b882,Douglas Tucker,31.0,517.0,8425.0,4046.0,4.0
949671c2-5b1f-4264-b4f9-9960862ee82d,Susan Mcdonald,36.0,533.0,4801.0,433.0,1.0
979df698-c130-4469-a3b8-f1bdbf10698a,Laura Bush,55.0,697.0,1807.0,932.0,3.0
8f73e01a-637c-4f35-9e0e-71607676a72d,Henry Thompson,54.0,480.0,211.0,2124.0,2.0
3a93f724-9eac-4023-91d2-3f386c94dfb0,Jorge Stevenson,41.0,798.0,4324.0,3988.0,2.0
e75a954c-432f-43e5-911a-b0dd772bd5e2,Erin Clay,25.0,586.0,1613.0,2260.0,3.0
d86e7e3d-a3db-4e6a-9440-228024d54cda,Walter Lawson,42.0,536.0,319.0,4038.0,3.0
6ff17dbf-9fb0-4894-ab77-4ee9e07decc5,Tina Lee,62.0,848.0,4246.0,4682.0,5.0
de8eb124-8e86-4edc-9e30-32c9a617e86d,Russell Johnson,47.0,416.0,7527.0,581.0,4.0
49fe7e82-07b0-4e94-bb3e-8de444f08d63,James Powell,36.0,309.0,9376.0,2557.0,2.0
f8c33885-1a01-4fd2-a887-9086117769cc,Elizabeth Zimmerman,36.0,362.0,1686.0,3150.0,4.0
7e74e552-ceaf-4cb4-8c0c-be54ecb07049,Gloria Cohen,46.0,441.0,2420.0,1917.0,4.0
d0fa4aef-6975-4b42-9eb5-36107d52cf5c,Melissa Adams,35.0,329.0,5799.0,789.0,1.0
3e896ef7-2e22-4478-97c1-ecd6f8cc1c5a,Brian Higgins,51.0,437.0,488.0,2684.0,4.0
108770c2-c215-48ad-8df5-6721e2879aec,Joseph Hurley,42.0,534.0,9210.0,2227.0,2.0
f369a3a9-f765-4bd3-a0cb-56c506530f2a,Brian Murray,23.0,705.0,385.0,4790.0,3.0
8a4fefb1-5b2d-40ab-8218-d25807b68994,Julian Mack,54.0,661.0,4323.0,4540.0,2.0
b31e97d7-b280-4699-8a32-dd52ceafdef5,Evan Savage,20.0,372.0,9460.0,2593.0,3.0
30d244d3-6652-4f2d-9658-cdf3e6f94f68,Michael Ferrell,63.0,682.0,6052.0,4284.0,3.0
715a0738-dc63-4fa0-9011-88a576062c00,William Schwartz,31.0,736.0,5867.0,3100.0,3.0
6991f15f-2b95-4780-acd1-bd9d9ee384c2,Dr. Whitney Fuller,52.0,509.0,3781.0,3013.0,2.0
e7d60bc7-7fbc-4f3e-9a71-1b67c786d18b,Gabriel Crawford,30.0,683.0,2970.0,400.0,5.0
a57d8463-ae38-4555-a68f-5b8062645f68,David Walton,65.0,622.0,7053.0,1621.0,2.0
f8f3ccda-31e5-4bc2-b70d-f7b18a4ffd2f,Olivia Parks,38.0,532.0,860.0,616.0,3.0
66a14aa0-1db4-4aa3-8c56-0f47705f6085,Juan Clark,63.0,446.0,7047.0,2544.0,0.0
46934ea0-f6a3-479f-b7c7-412f6084666b,Jennifer Ramirez,38.0,651.0,9729.0,3199.0,5.0
8185d000-e320-44bf-afd5-b4cc67cc32cc,Tara Riley,40.0,643.0,4541.0,2686.0,3.0
a436237d-4689-4637-b173-05023eaf89bb,Walter Gallegos,51.0,327.0,1373.0,1040.0,0.0
d20fbe62-015b-4dfb-a9ce-bf151f9e26c7,Mark Barnes,28.0,493.0,8709.0,3890.0,1.0
a6a2f708-0835-42a5-bf7b-db3c938ea9ef,Jeffrey Rollins,44.0,528.0,3956.0,3286.0,4.0
5c26d52e-d518-4796-ab0a-31a4938c465d,George Smith,28.0,678.0,8403.0,1135.0,4.0
b77c288e-e7f7-4cf3-88a1-e562f407539a,Courtney Garrison,33.0,699.0,9222.0,2149.0,0.0
47235d47-5bb1-4281-9236-46e01a995b27,Jake Moore,53.0,439.0,4267.0,465.0,2.0
1ccbf2fb-396b-4d99-9d45-9c491a1761a5,Erin Hughes,42.0,830.0,7047.0,123.0,1.0
ade1c604-2dc6-4166-8508-a1796851f638,Sarah Farmer,59.0,308.0,4348.0,3147.0,1.0
a563222b-787b-4962-bd3b-6949e2683304,Wayne Lee,31.0,849.0,5659.0,1868.0,1.0
decfd649-65a5-4e46-8120-8989e6db87e3,Taylor Mack,62.0,573.0,5124.0,3797.0,1.0
71afc61c-1e26-4acc-ac9a-ec54f2e2ee3c,Mr. Brian Henderson,32.0,492.0,3863.0,3279.0,5.0
9b659538-49bd-4556-bdef-505786c4f669,Mitchell Pitts,18.0,316.0,3811.0,3279.0,2.0
ea578b39-c810-49e5-aba2-057b45c72d51,Deborah Cline,62.0,357.0,2868.0,2083.0,3.0
939c4d8b-d30e-4e2a-b6bb-d679f6e238ea,Steven Mcmahon,36.0,535.0,4371.0,1965.0,1.0
5a794fcf-a6bd-4b3a-8219-c0ca7c1cd366,Joel Chen,48.0,705.0,8259.0,3564.0,0.0
95020e70-32be-4cd9-b654-52094f24bacb,Alyssa Woodward,38.0,588.0,5496.0,3820.0,4.0
8828328d-4206-488c-9f99-51e3ee3a7a78,Charles Williams,49.0,576.0,2854.0,3947.0,2.0
f2cd74d4-902d-4324-9430-b7c22da013cc,Tammy York,25.0,518.0,9401.0,4880.0,2.0
3a6184d6-fc41-4a4c-9fd2-d9bcfa158c5b,Guy Kirby,59.0,512.0,9897.0,2566.0,0.0
d391d91e-0dbc-48d5-897c-20b413ec0e78,Dr. Taylor Mcclain Jr.,19.0,314.0,5529.0,539.0,4.0
a355ff3b-4182-4cf7-b397-dc3b3cf4ec9e,David Allen,18.0,850.0,3362.0,2348.0,0.0
f2e059bc-b67c-4f09-a543-244ef391b4a1,Julie Sharp,60.0,345.0,3003.0,1663.0,0.0
dcbfc19c-8380-4cb6-9016-0e439193472d,Brian Stephens,38.0,665.0,3407.0,4132.0,1.0
d7a626ff-a188-4adc-b3d5-c2a4f7f45a0b,William Brown,33.0,504.0,2054.0,2659.0,2.0
f0bc5b01-dc49-4d29-857f-94e764826457,Timothy Rice,19.0,325.0,6867.0,4505.0,0.0
80ac8f91-1d9b-41a0-abd7-8b643ca21d0c,April Daniels,27.0,543.0,1019.0,2111.0,2.0
709bc75d-b15f-4a31-acad-652ab87f1c50,Jessica Ramirez,65.0,789.0,9087.0,4981.0,4.0
1e662bc3-8215-47db-9101-56b74083d7a6,Amanda Gaines,21.0,427.0,1841.0,4626.0,3.0
26e0ddca-2325-44e6-b356-dfffca6d589b,Thomas Harris,42.0,432.0,3436.0,1839.0,1.0
4c17449a-5a08-4736-912a-dfb770156759,Robert Ford,53.0,509.0,669.0,1883.0,2.0
70cb7263-76f2-44ea-a311-ab5050887bff,Julie Foster,25.0,772.0,3973.0,2568.0,5.0
0be4bcef-82a8-4d91-baa1-643474a2daf4,Steven Foster,23.0,712.0,1958.0,517.0,0.0
b6d8b160-31fd-4c0c-97dd-7c33863a8280,Warren Simon,19.0,534.0,7290.0,2153.0,0.0
6cf591de-b907-4606-b5b9-8f7383d68df9,Jessica Jacobs,61.0,679.0,1147.0,312.0,0.0
69341405-9186-459b-b371-39d2ca3d6c25,Taylor Spencer,61.0,440.0,8797.0,4576.0,5.0
9bac1a57-e2af-4230-89f2-8230f9e0fc25,Raymond Coleman,35.0,505.0,2166.0,1896.0,0.0
bf66d519-e293-444e-9ca6-8d5058f7b94f,Jonathon Lewis,38.0,436.0,1581.0,4919.0,2.0
9b42bfdf-f8c9-47a3-b3c1-046b84427fe7,Kristine Lopez,45.0,387.0,118.0,4767.0,2.0
1c1ac1c5-5f52-4b6e-a8e0-37346abf29ac,Zachary Haley,18.0,691.0,8435.0,233.0,0.0
26f29f56-7100-4adf-9d6f-9926fbf4c54f,Thomas Le,23.0,693.0,2029.0,3791.0,5.0
ffa41f81-1ab2-4fe9-9bc5-1b1b9c9dd470,Brooke Davis,47.0,389.0,4622.0,4298.0,1.0
50bd53a3-5a4d-4f21-b32e-4105cdb07da0,Raymond Gutierrez,33.0,432.0,7799.0,1595.0,3.0
0b44fa67-588e-4a6c-b767-6792089e7601,Gregory Coleman,39.0,354.0,1742.0,1168.0,1.0
83542f35-9146-4b83-ad01-7b92f76d4661,Joshua Lee,63.0,689.0,2682.0,2841.0,0.0
e72f26c4-4c4b-4f46-9d1c-f3c3dc77307d,Raymond Cain,32.0,683.0,2931.0,2984.0,0.0
f8b836eb-1c1c-486c-b724-0cd0c92fdc6f,Chad Spencer DVM,18.0,351.0,938.0,2178.0,2.0
446aea23-799e-405d-bba0-a87fbc847d67,Maria Peters,42.0,732.0,4795.0,818.0,3.0
037c5fa6-db65-4a09-bbb6-9677d91dc1b0,Natalie Marquez,61.0,740.0,6074.0,4171.0,4.0
3a2341fe-1878-425d-a72b-69266dd58f21,Gary Hoffman,65.0,685.0,1148.0,4072.0,2.0
cae2086e-4329-4b08-8a2d-8a849504e81c,Ryan Clark,29.0,737.0,8523.0,4396.0,2.0
38111575-b50b-4db1-8fc5-cd8880419158,Nicholas Mcdaniel,65.0,311.0,8616.0,2207.0,5.0
c62e3e48-dae1-42e8-81c4-c1001cb3bad2,Adam Flynn,34.0,786.0,7116.0,4248.0,0.0
cbca2e67-6f08-465e-a0f1-040c3e5bdec7,Steven King,21.0,396.0,8371.0,3926.0,1.0
226bf658-7062-425e-b381-7b526a8fca78,Emily Rodriguez,61.0,740.0,292.0,3456.0,2.0
2b520367-1ba4-4098-9530-b79dcde6d039,Jeffery Copeland,38.0,370.0,4271.0,1677.0,4.0
9f58fc27-c3fa-493f-8c2f-915b00f1501e,Tiffany Duncan,51.0,641.0,9616.0,1553.0,2.0
2bdc38d3-d89a-4ae5-8e91-7dc5eabfb745,Colleen Chan,31.0,823.0,1284.0,4411.0,3.0
54522db5-ac5b-4a13-8ae7-5efb5f40501a,Luis Yates,32.0,793.0,417.0,4996.0,2.0
bbef4615-083d-4827-a15c-aa3fd038a130,Levi Guzman,42.0,394.0,9093.0,4997.0,4.0
62aa3511-ae27-4e99-83d4-883b04655416,Aimee Cross,20.0,409.0,1403.0,3500.0,0.0
5a66e53d-c000-4f2e-8a7d-6045c47b2cb5,Angela Graham,25.0,663.0,9628.0,670.0,5.0
3289dbbf-d25e-4636-a8b4-ae2b2ba59f7b,Jesse Rose,59.0,601.0,7027.0,1030.0,1.0
e3116ada-53df-4384-b161-53f6f8f22847,Catherine Vance,65.0,599.0,5088.0,135.0,4.0
a8aaa599-ffc0-4d93-98c5-236f77f66f29,Gloria Richards,39.0,685.0,8264.0,720.0,4.0
1404b2b7-65d3-4fac-afb3-fd691a1c01db,Bryan King,65.0,769.0,4995.0,2311.0,5.0
e4370a69-9bf7-4b9f-a62b-1708d2d5f74a,Krista Schmidt,38.0,554.0,1642.0,4726.0,5.0
cbc10ec5-0dfd-4726-ba0d-ec6e15aa7c51,Sharon Singh,41.0,820.0,8226.0,4353.0,1.0
3ee42b6c-8024-4b00-9335-5a3af46f2801,Katrina Ruiz,62.0,545.0,3970.0,4806.0,0.0
85de006d-1c7a-4e29-b0a4-05dc675c189b,Daniel Cherry,19.0,722.0,3727.0,2313.0,2.0
a1d673df-71f2-4c8c-82dd-b4b8cd443769,Morgan Bryant,29.0,730.0,3304.0,1068.0,2.0
7e255fe5-61d6-49d8-8ffb-1698f0acc447,Linda Carpenter,58.0,451.0,5229.0,4085.0,4.0
bb010b88-e473-4619-8edb-0c08048f9bff,Abigail Duke,27.0,585.0,4565.0,556.0,4.0
7e3ed0cf-a864-4694-85a9-fbb7bf95af82,David Kennedy,25.0,710.0,6362.0,3601.0,1.0
651d1f1f-24f5-4a7d-aaa7-9881d6334b61,Melissa Moore,48.0,356.0,5230.0,835.0,2.0
634f6a2b-1c80-4969-a169-7cbb306ad3c2,Tamara Cooper,55.0,495.0,1360.0,3515.0,5.0
3cc727ba-041a-474c-a6af-c571d28fa452,Lisa Matthews,31.0,468.0,4283.0,2079.0,4.0
c5b1ee7f-e54f-4a9c-ab4a-5a465584b9b1,Robert Stevenson,47.0,493.0,9367.0,1283.0,0.0
a2695eb4-2815-42e5-992e-6c490f837ab5,Susan Boone,31.0,399.0,7230.0,2999.0,4.0
d7762ece-c7e3-4172-ae03-c378c2864bc4,William Lowery,41.0,762.0,5303.0,2033.0,3.0
da2ab6ef-7029-4025-9212-bea9757e5b5f,Brittany Villanueva,62.0,507.0,8985.0,2983.0,5.0
6db9b27b-5e25-4a0c-9e53-d26b14271f8a,Gary Simmons,54.0,715.0,4128.0,304.0,1.0
6ee9594a-f1de-4eee-88c2-f9348af9a8a4,Timothy Mcintyre,43.0,802.0,2020.0,4514.0,3.0
9d433964-969b-4efa-83dd-f213063509b3,Brittany Farley,51.0,403.0,1446.0,3999.0,4.0
5d211687-27ca-4a09-930f-fc60646ff80a,Laura Rush,36.0,690.0,4244.0,3285.0,3.0
d046fa9c-5b51-444c-a3dc-1d5b91203c41,Joshua Kennedy,43.0,483.0,3921.0,3501.0,5.0
a0aef1bd-f035-4088-b621-2106237d2047,Jamie Nelson,46.0,571.0,4839.0,3936.0,5.0
94fd0fe8-0b04-4edd-91ef-078af0029388,Aaron Williams,52.0,328.0,8139.0,577.0,1.0
8e7df1e9-6170-427d-9957-61ff8a64e506,April Patterson,65.0,748.0,9373.0,2568.0,4.0
70899068-8bd1-4c28-8d49-214f75527469,Daniel Stewart,25.0,850.0,2824.0,1029.0,3.0
b1905d34-4194-4852-93ce-37869e37f7d9,Brett Howard,57.0,323.0,8399.0,968.0,1.0
0eaab139-2fdc-45b0-a1ec-c4fe62140f2c,Stephen Mcmahon,58.0,411.0,6256.0,3498.0,3.0
9e6c78b6-1ec6-43be-bb45-563723c20abf,Dylan Patterson,18.0,549.0,9394.0,1979.0,4.0
6dbbad29-0afb-4b33-aaf9-09c73167a88f,Lisa Foster,36.0,432.0,5578.0,3773.0,2.0
8d856a19-4016-4b88-a54e-2999af4aebad,Jesse Gordon,26.0,637.0,7061.0,1220.0,3.0
161a2a10-b608-4ecd-9cd7-959865a0ce9f,Mark Wood,37.0,399.0,1894.0,3418.0,3.0
7ad348da-32f9-45c2-a9c7-ce9b2d2041fc,Matthew Smith,22.0,660.0,8336.0,3876.0,3.0
6b922213-b27d-427c-aa92-aa90b7a9492a,Pamela Brown,52.0,395.0,8352.0,2752.0,2.0
98605d33-8063-4a2d-9b0c-afe121cdf899,John Gallagher,31.0,524.0,5727.0,3729.0,3.0
bf21495d-7157-4957-bb45-8eeed1dff201,Anna Wells,41.0,590.0,731.0,135.0,1.0
db776920-45d4-4469-9a13-74d05997ca72,Kristi Fowler,56.0,635.0,5835.0,1311.0,4.0
8755e892-849c-4ef2-abd3-e46c829a6c96,Jessica Price,55.0,699.0,2010.0,1817.0,1.0
8be9c0dc-b0a9-4ff7-ae20-28758446030b,Devon George,47.0,356.0,2788.0,77.0,2.0
bdfb89c4-bbd1-4406-a5bb-a7d34e9615ba,Renee Klein,40.0,566.0,8526.0,2704.0,0.0
f6bc0e34-e4b9-4b5d-aa91-57a426848d71,John Reed,33.0,546.0,7885.0,2502.0,4.0
e3e48095-f7a6-426a-a3f8-b083611e74b7,Donald Holmes,52.0,527.0,5247.0,1221.0,4.0
414400b6-369a-4a41-a7e1-78243b188301,Christopher Guerrero,64.0,842.0,1839.0,3081.0,4.0
a22e435f-6989-4ca4-be6f-023bdeabb082,James Horn,47.0,413.0,6196.0,3873.0,1.0
3fb36106-4c4c-42e4-94ac-4a1f4e65936b,Kyle Cruz,52.0,494.0,2031.0,4524.0,0.0
e34c1f5f-6b4d-4a5c-8c8f-17e5deae5b47,Terry Reed,31.0,344.0,3364.0,3492.0,2.0
740fc1fc-4e17-4e82-b390-c929ee6954d1,Hannah Taylor,54.0,448.0,2928.0,4725.0,1.0
c35d58ba-7e6f-4a82-b803-5bd753d8e2de,Robert Thompson,30.0,318.0,620.0,1.0,5.0
fab43406-4036-41f6-ba38-7c6d23ee59a6,Mark Vargas,33.0,709.0,1375.0,2974.0,2.0
15139cdd-88eb-43d4-8416-73d32980c746,April Melton,38.0,326.0,4731.0,4732.0,2.0
9c556d65-16a7-41cc-8f48-c0e2da229943,Angela Holt,33.0,520.0,4118.0,1631.0,3.0
38af6740-8767-4d1e-b46f-35b726e0fc6a,Courtney Watson,24.0,602.0,3744.0,1849.0,0.0
f08168a1-0112-4278-8dca-d162b629d2fb,Jessica Murray,33.0,621.0,6584.0,1748.0,0.0
bd4987de-a90c-46b7-b613-2a7fcba5066b,Nicole Mclean,65.0,653.0,8339.0,2874.0,3.0
e2cb224a-36a3-4d43-be21-cb669aea2ea9,David Wagner,29.0,641.0,3253.0,49.0,3.0
bee38826-45ab-4f97-8eb4-f92291609b80,Destiny Velez,26.0,491.0,7118.0,199.0,5.0
720d44fc-fbc8-4020-9bbd-5764a75f9a6c,Rhonda Stanley,27.0,811.0,5099.0,4559.0,1.0
f6226dd2-9ade-4af7-968b-98586ef3e5bf,Emily Cross,37.0,594.0,9820.0,2637.0,5.0
27b92c8b-53f4-40ca-a749-08c2ec833457,Cody Foster,58.0,581.0,6562.0,170.0,2.0
11f03087-e87e-40c4-abea-17bb6f8452f6,Carol Evans,24.0,344.0,2394.0,419.0,1.0
17671473-bdc6-4674-9324-7a58807b9a4b,Joshua Davila,36.0,300.0,4919.0,2462.0,1.0
c4e22a8d-97a2-4cb8-a297-c74b6510a75b,Michelle Bailey,59.0,750.0,5479.0,3313.0,2.0
c7182973-7cd1-40ab-a53b-8df47055b8d7,Miguel Smith,34.0,606.0,2426.0,2459.0,2.0
00563092-c4d6-40be-b693-5b6cd86c0c6c,Mario Guerrero,61.0,418.0,5516.0,3139.0,5.0
fb5adbc9-eb0e-42c8-a5e4-f2ee55aa9647,Bethany Rasmussen,18.0,460.0,1836.0,4679.0,4.0
2687a7b5-5d69-48b2-8aac-db0235aafb5c,Anthony Giles,32.0,615.0,7099.0,4958.0,4.0
31e77fc7-51f0-4ba4-9715-b675a58648fd,Joshua Thornton,18.0,839.0,7822.0,1359.0,0.0
f2bbd1d1-a2a7-4d42-8482-78f13f21bf06,Chase Cherry,64.0,541.0,8267.0,1122.0,0.0
5db5238d-aa73-4952-9aae-bef94bd34e7c,Patrick Glenn,62.0,468.0,4490.0,2428.0,5.0
64d3d2ee-c3bf-4807-9fdc-72c84050d77f,Jonathan Carter,42.0,346.0,6385.0,806.0,3.0
9a3b6686-b372-4f0f-b68e-e8e1f72009fa,Virginia Garcia,20.0,550.0,7562.0,193.0,1.0
1402501b-a78d-4849-bf53-d723c2673416,Ann Campos,42.0,459.0,9239.0,1320.0,5.0
db0cae2e-fb9a-4866-8fa3-c52c46178eb5,Joseph Bartlett,28.0,710.0,8919.0,3892.0,1.0
d73b62f0-ed9a-48e2-ab68-00001eabefd4,Kathryn Rodriguez,35.0,798.0,8086.0,3976.0,5.0
4a693626-1537-4edb-b0d9-5a4d01c57b25,Alicia Brown,34.0,510.0,3252.0,43.0,4.0
3430f7ba-d9a1-4fa6-a69f-ddcb2d3a2456,Charles Parker,50.0,335.0,1477.0,410.0,1.0
ad3496ae-db10-43a3-9852-50285bc2ddce,Melinda Mcmillan,55.0,373.0,7368.0,130.0,4.0
d2ae91ef-3548-403a-a14a-c9e67776ce15,Michael Sweeney,57.0,755.0,1245.0,824.0,4.0
4f0b122e-ab85-4f44-8586-e6b6fcabc718,Grant Goodman,35.0,313.0,9586.0,89.0,2.0
fb67a47e-3170-4569-9492-4a5934b284b1,Alex Knight,49.0,583.0,7021.0,3854.0,5.0
332db4c2-d946-4e37-9fbb-92af899f4bf1,Elizabeth Lawson,28.0,336.0,5200.0,1886.0,0.0
7b3f0f8e-3428-494c-ae0d-9f6ef6c5e0a0,Matthew Bennett,40.0,574.0,1741.0,2957.0,0.0
7200bab2-d15c-460c-af6f-ce371b97955e,Peter Reed,57.0,642.0,7056.0,825.0,4.0
8305b983-7c26-4298-9ee2-ded37618349c,Rhonda Brown,44.0,502.0,7621.0,2280.0,3.0
27615317-0930-4d6c-abc6-2ee35d7c73e1,Steven Leonard,58.0,785.0,3115.0,3964.0,0.0
b56dd1f9-dc0a-4c18-9ece-bea956d84609,Christine Clayton,25.0,808.0,5234.0,1036.0,1.0
da719e56-651d-465d-a312-36bbc30e15e7,Stacy Davidson,60.0,608.0,3795.0,2282.0,4.0
933959c8-1b3d-4f67-bcd4-08906410f3f3,Mariah Nichols,60.0,746.0,9442.0,3539.0,0.0
a71f34e4-7b8b-4aea-85e5-2cd22ac7ec84,Tina Stewart,59.0,713.0,4794.0,4482.0,4.0
6ff730bd-5263-4205-aee8-609214a8f530,Elizabeth Mitchell,35.0,722.0,4958.0,950.0,1.0
784a1414-abd2-4b87-8ffc-627bbe77ad00,David Krueger,63.0,662.0,8254.0,1298.0,2.0
27f9629e-7225-4c69-baed-3c554397d761,Abigail Williams,39.0,544.0,3833.0,776.0,4.0
c7642ac6-545c-46bb-8f90-f51d4f06dd6b,Matthew Webb,22.0,439.0,5816.0,3494.0,5.0
e4d52d95-fb7d-4d53-9a95-f5339e65ace2,John Russell,28.0,333.0,4957.0,3743.0,0.0
50b5e4f8-0c47-422f-aa9a-12e5fe423772,Debra Mclaughlin,28.0,508.0,4614.0,1106.0,2.0
f3a2f361-5d3a-4238-9234-b24d2755d8d9,Ronald Mccarthy,51.0,708.0,610.0,1957.0,3.0
ede6d96d-3a9e-4587-adc6-79a2e562369f,Brandi Gilbert,61.0,332.0,9687.0,3918.0,0.0
f7ff6ac6-901e-4174-8704-3dfc1fb9c9cb,Denise Berry,49.0,698.0,5649.0,1661.0,5.0
cd834537-3a19-4424-abf8-db4228f5777f,Michael Stevens,57.0,365.0,3984.0,2303.0,5.0
a4b85110-c02e-4f01-b470-d6937665edc9,Thomas Phillips,57.0,353.0,3177.0,2377.0,3.0
a5b91c9a-d0e1-4452-9522-7e0cc9089676,Scott Thompson,49.0,512.0,2022.0,2378.0,2.0
00eb53f5-2a4b-4848-b143-3650a26f0025,Brianna Williams,61.0,597.0,8448.0,1704.0,5.0
0191276d-beef-444a-8551-2ec5a98af74d,Mr. Paul Lowery,32.0,525.0,9409.0,1881.0,5.0
2cb6e2e9-1437-4909-af9f-b902df21fd3c,Bryan Jackson,38.0,605.0,1819.0,4573.0,4.0
598fd12e-9178-48ca-8212-0f08856f821a,Emily Gomez,61.0,606.0,6805.0,3850.0,1.0
56a25bee-2306-43bc-af83-cae2cc98ff85,Elizabeth Blackburn,56.0,834.0,7310.0,3642.0,0.0
3c06feba-d359-45b0-9e49-ee01460b0e36,Carrie Barajas,31.0,837.0,1107.0,3074.0,1.0
178f3179-a0f0-4fed-86ec-d9d4377527cb,Joshua Merritt,62.0,670.0,5194.0,237.0,5.0
d54e4210-6137-4df7-83ed-798724fdae14,Greg Mason,51.0,315.0,3559.0,4428.0,4.0
484603c1-64f4-443f-b79a-e29c2498843d,Sharon Roy,57.0,363.0,7528.0,3902.0,5.0
4d2222fd-32f3-4c8a-a3e4-8b13d1c58e24,Claire Evans,44.0,835.0,4611.0,236.0,5.0
5efcade6-e798-47b9-8b39-58c233728716,Andrea Hansen,53.0,619.0,4821.0,899.0,3.0
38ea51d9-f76d-4038-be2b-102a70f51a4e,Donald Nelson,32.0,310.0,380.0,1555.0,5.0
5a001de1-dfe6-4df1-b679-958efc2c5626,Kimberly Mcgee,48.0,787.0,7353.0,3013.0,3.0
ef5d200d-ddd4-41e4-869d-712cbee5714c,Samuel Roy,36.0,660.0,4297.0,3834.0,3.0
e1133f28-0032-42f0-b1dc-c6a29516f5bf,Kimberly Mccarthy,49.0,434.0,4121.0,4368.0,5.0
41fde951-9fee-4f0b-9750-ce99c2b93bce,Todd Mercado,60.0,556.0,3164.0,1766.0,4.0
3fc0b1fd-5360-4f65-af3b-ae5ffd07d70c,Jodi Jones,44.0,670.0,3673.0,3027.0,4.0
38bb020b-3fe2-4f10-b329-ca30266fb7b4,Miss Meghan Ball,30.0,548.0,6563.0,3813.0,3.0
a27345e1-07bb-4826-8928-ea2fc36f2b21,Robyn Andrews,20.0,524.0,6373.0,1792.0,0.0
fa86088c-98a3-4402-b3a9-4b4e9e66cdea,Gregory Green,36.0,392.0,8785.0,4699.0,2.0
0620ca59-5cc1-41df-a7f7-7621042826c1,Victor Davis,52.0,680.0,2959.0,2847.0,4.0
536ac2a1-a471-4907-a2f7-17c67a310ad2,Nathan Lopez,47.0,554.0,8415.0,952.0,0.0
10627771-b293-493b-9b46-a0228217f2b6,Angela Pierce,40.0,749.0,1968.0,4470.0,0.0
a72f6544-2f26-4c3d-919d-1bd1bdfdfee0,Joshua Moore,25.0,552.0,9168.0,4282.0,4.0
7810cee9-3319-4684-b9c1-81475bf48604,Jeremy Gill,51.0,550.0,8346.0,2888.0,5.0
915497b2-58e3-4053-9fc7-6afa76a25990,Steven Phillips,28.0,725.0,9918.0,1039.0,2.0
75b24d8d-9d3c-452a-b7f2-8f1b44e8e236,Scott Osborne,25.0,706.0,8242.0,1610.0,1.0
5e8203a9-80e3-467d-a5bb-ac007a946a3d,Nicole Mayer,55.0,744.0,7884.0,3318.0,5.0
837dfa1a-6caa-4bee-8831-ba796a4e8d2b,Gregory Long,51.0,670.0,2497.0,2720.0,4.0
a7dd7eab-96fe-4a8f-a2c8-c3be70eeb66c,Kenneth Fisher,40.0,348.0,6948.0,1841.0,2.0
5411fe0c-4eb4-44b0-8cff-073d1ea21e55,Linda Walker,42.0,773.0,6457.0,2993.0,0.0
58768401-ee91-42e7-a85c-7d560b08e199,Henry Kelley,62.0,598.0,3615.0,870.0,3.0
598dd3cd-14ee-40ec-a1ea-40ff28554715,Dylan Smith,49.0,808.0,3948.0,2524.0,1.0
2335c36c-2646-4b5a-92bf-2cd71736931e,Debra Schmidt,37.0,850.0,8103.0,2718.0,1.0
0cfd8eb6-aa71-4fe2-9c21-b54a61689f21,Troy Howard,28.0,706.0,6536.0,2329.0,0.0
62bb7fc1-2e60-4b86-b98a-217792e92a67,Dawn Hopkins,44.0,360.0,2472.0,4904.0,5.0
f07eca55-2561-4f16-bcdc-7c7b88ab3160,Joy Wu,29.0,339.0,917.0,865.0,0.0
9a8c8dbb-66df-489d-937c-efec83142dad,Matthew Martinez,20.0,523.0,7521.0,2703.0,5.0
3bc381d1-4604-4326-9cca-fbbd0af2a9db,John Mendez,42.0,437.0,8252.0,4879.0,5.0
c82c5cd6-1522-4abf-a33d-ea7fb4e7a49f,Richard Lindsey,56.0,715.0,3904.0,1550.0,0.0
6375588c-b930-4bf1-9d5c-929665656974,Lisa Jones,60.0,353.0,7575.0,2644.0,0.0
4e916b6d-ab7c-4bdf-80e4-f6423ea35b75,Justin Munoz,32.0,395.0,5056.0,2189.0,3.0
989e6faf-a96f-4369-a954-c9f61f490798,Jasmine Caldwell,26.0,550.0,6187.0,2360.0,1.0
1b467c0c-f053-437a-9ad6-fc7cdd121c19,William Patel,45.0,611.0,4069.0,155.0,5.0
6b3b1679-815d-467e-ac08-8cc4aa938517,Nicole Knox,54.0,598.0,7714.0,578.0,4.0
83a3569c-119f-458f-a3a1-c8d681db414e,Mr. Kyle Casey,62.0,359.0,4008.0,2717.0,2.0
fd208d14-4805-401e-9fab-74a8956829f6,Steven Jacobs,57.0,775.0,9878.0,628.0,5.0
c78b413d-d543-4f88-ae62-27d8d95ed191,Drew Wilson,22.0,606.0,4117.0,865.0,3.0
ccadeb35-371c-4383-8154-f01195da64ff,Randy Mitchell,28.0,505.0,5438.0,3592.0,3.0
b7332231-475e-4167-89d9-683859346b7a,Jenna Moore,51.0,535.0,3310.0,211.0,4.0
032e1a80-6236-40e6-a1fc-d91c908bb01c,Paul Owens,64.0,747.0,6391.0,3918.0,4.0
e1bdf1bd-c28e-407e-a185-0b9fe81a3c68,Jonathon Erickson,53.0,320.0,9473.0,2982.0,1.0
c1a0854d-3d5c-4d91-804a-886c929ccb99,Mrs. Danielle Mccormick,56.0,834.0,2938.0,561.0,1.0
4b585869-a309-447c-9216-bdaf7c3f68b1,Daisy Smith,34.0,545.0,2531.0,4755.0,4.0
983bda34-a956-408d-a42a-1cd17db4fdcf,Paul Hunt,65.0,586.0,751.0,2743.0,3.0
280bf898-39bc-4801-b38e-7218b8c8f7db,Kristina Williams,55.0,513.0,3781.0,2404.0,0.0
09c743b9-6e71-4d7a-a1b4-4f6b806a815c,Carol Miller,42.0,564.0,4636.0,2128.0,4.0
5b999b94-5371-47a1-9b52-e23f99acbbaa,Terry Allen,31.0,739.0,7973.0,3844.0,1.0
6d4dcae3-05f9-4064-b215-2918d446c2b6,David Duke,18.0,366.0,4633.0,4916.0,3.0
365f2a39-4a76-493a-bb37-6f0d5eedd2ac,Nathan Bailey,51.0,334.0,1538.0,1928.0,4.0
c4a126de-1933-4045-9e0d-870572f887c1,Karen Bowman,53.0,521.0,4896.0,4494.0,2.0
17f1aa37-0d3c-4d15-976b-e2df76940760,Anthony Owen,38.0,616.0,2440.0,1056.0,3.0
6ea5c9d1-190d-4ece-af9c-965e99e2c991,Keith Costa,57.0,833.0,6243.0,2274.0,4.0
ced9b827-2b07-4cff-99e5-1223d9e1c101,Renee Evans,20.0,646.0,9749.0,3286.0,0.0
b1a5d20d-ae74-4e37-a636-d3311fb14bf7,Matthew Willis,27.0,307.0,8284.0,2564.0,5.0
49e9668a-b6c4-4b4d-a921-13a3c8693474,Tiffany Stephens,65.0,623.0,8227.0,3240.0,2.0
43b94f1c-6c21-4fc1-b4a1-ea7a35ffe1ec,Kendra Mason,42.0,395.0,5291.0,3498.0,5.0
cc215713-8975-4c81-a85d-ffed3ba0be09,Regina Reyes,24.0,850.0,6988.0,3476.0,3.0
0a62a25f-eb54-4e7f-9bb4-2660b52b3fa0,Lauren Guzman,21.0,554.0,4525.0,3681.0,4.0
2b2d10cc-3ef2-4303-93d6-5a8d96ab7d72,Nicole Kane,38.0,532.0,7061.0,2073.0,0.0
56a6331a-0aa7-4573-a1c5-5625f31aac31,David Klein,43.0,433.0,6850.0,3985.0,2.0
a4df7a9f-ba28-45dd-b45d-303cf86e9098,Sarah Patton,31.0,843.0,2384.0,3655.0,1.0
681d33c7-9a16-4e61-a058-6a2d193b9f75,Mary Lynn,30.0,765.0,3637.0,3069.0,0.0
9ea5c550-d690-46d1-85ac-9a934ce19a2b,Matthew Hartman,30.0,453.0,696.0,3789.0,2.0
18f4890f-a595-475a-b0af-1124e9ce0cfb,Richard Hernandez,58.0,592.0,4583.0,2218.0,1.0
d0ecf20c-3582-413a-8d25-32f5b4eae487,Robert Montgomery,50.0,797.0,708.0,1125.0,5.0
223f4a41-073e-41e4-a62f-beedc876166f,Rebekah Daniels,33.0,546.0,9303.0,4609.0,2.0
3aaa2d30-74b0-4fb6-866f-353f869cf1bc,Nancy Larson,61.0,371.0,3110.0,1912.0,3.0
cfef128e-997b-408e-9c43-e14c9d3b08c4,Jacob Escobar,31.0,624.0,340.0,2209.0,5.0
51444959-a4be-4bb4-bb9e-a361ed0d76e5,Joseph Duke,59.0,569.0,2949.0,1314.0,4.0
c9525f87-eb9e-4584-9666-d54a242c9af3,Anita House,45.0,758.0,412.0,2179.0,1.0
77801a4c-50c4-4874-97a4-d67027bbca23,David Miller,27.0,530.0,8828.0,922.0,4.0
ccd8f0dd-c8c5-4c5f-b3f1-993d952a0f43,Joshua Schultz,41.0,450.0,8490.0,4457.0,2.0
e5f2aa0f-2718-4ab8-9ebe-e60d4cace176,Adam Baker,37.0,349.0,7556.0,4301.0,5.0
b606e7c6-1631-4e2f-a71d-ea04a1d378e6,Melissa Parker,41.0,747.0,7167.0,3535.0,0.0
2c6b9776-463e-46bf-978d-94e8ba6ebe0b,Robert Caldwell,60.0,614.0,1809.0,2369.0,3.0
cd1522e2-d52f-405c-8204-729f7cbdf97c,Kenneth Allen,58.0,653.0,8360.0,4675.0,3.0
a86b9e68-da3e-4a79-bdd7-b1d624dcdfc0,Tammy Wagner,28.0,805.0,5815.0,1713.0,2.0
2af38749-44c7-47df-a3d5-1e0779b00437,Nathan Alvarado,46.0,809.0,1723.0,4804.0,5.0
0ebbbe8f-c368-4568-bbf7-a63976998c7b,Mitchell Harvey,35.0,304.0,999.0,677.0,5.0
d94c7ae3-b698-400d-8d8a-f6e11360c17f,Leslie Fisher,50.0,423.0,1359.0,4118.0,5.0
faa5cf25-5ef1-488b-9011-33bdcdb53d05,Keith Rodriguez,31.0,398.0,5023.0,3202.0,0.0
eadbe938-b3ed-4bbe-b8ae-f1d6847a380e,Taylor Rivera,46.0,660.0,2889.0,1116.0,2.0
181df8e9-436c-4b4b-8238-ea6e34e93ac8,John White,63.0,685.0,7195.0,2485.0,4.0
b83b2648-cfa5-472c-90ee-d9a1edb9ef0a,Timothy Beasley,51.0,761.0,3782.0,479.0,5.0
82c6a36f-fef9-4d92-8093-3a33ee0ff4c5,John Chavez Jr.,28.0,367.0,2880.0,1830.0,3.0
7935ac0a-e8fd-41d4-a2a4-dd161869609d,Jose Fisher,30.0,331.0,5189.0,3693.0,3.0
f456e25c-7429-49a1-9ebc-5821d989464d,Angela Evans DDS,33.0,448.0,6883.0,928.0,1.0
f127c0fa-ff29-47e9-b176-32f705f6cc9f,Michael Alexander,30.0,516.0,6408.0,122.0,3.0
f3e618d2-05a5-4714-86a3-c0e8018a4412,Sylvia Schroeder,59.0,364.0,7832.0,4751.0,1.0
0572bcc3-c4d1-492f-b30b-bf62fbf78a9e,Melissa Butler,32.0,373.0,7724.0,3627.0,5.0
1d90c001-227c-42de-96b5-b4c736d991d6,Shannon Mcguire,32.0,415.0,9623.0,812.0,1.0
2a125bc6-1991-482f-802c-cf2f715d0b42,Andrew Henry,21.0,447.0,6281.0,176.0,3.0
047a1c82-ed87-41e1-8aea-1498aacf7040,Rebekah Norton,33.0,637.0,2117.0,1258.0,0.0
b696be40-c71b-4cdc-bacf-951cb51bc0a4,Natasha Cummings,45.0,643.0,9830.0,3193.0,0.0
3e007cde-ce91-4282-8149-802df85b0e83,Beth Zamora,49.0,605.0,4091.0,4330.0,0.0
fab92968-1aa6-4521-9c1e-a01466ca23e3,Christopher Meza,23.0,324.0,2448.0,1713.0,3.0
6c2f72ed-f95e-4e1c-b102-c035b93a6f6c,Samantha Kline,52.0,418.0,9732.0,301.0,4.0
70a80694-8f9d-4a3a-9c07-2ca64360fc1b,Suzanne Roy,49.0,604.0,910.0,4640.0,2.0
2e0e8298-42e4-41a9-b7ed-7f88a28c9e63,Steven Smith,23.0,762.0,2484.0,4909.0,3.0
bc408de6-7ff4-430d-abe4-6130a8882ac6,Jennifer Gomez,50.0,544.0,4650.0,464.0,4.0
bec4fcd0-b872-43d9-b94b-0a2a418ccdbd,Jordan Harris,25.0,569.0,3650.0,1925.0,0.0
5ff44cc0-0ace-4c84-b449-a55ca215ec03,Kathleen Reeves,35.0,582.0,8548.0,1804.0,1.0
d821ea82-049d-4e54-8ac6-fb8cf88b48e5,Mr. Duane Montes,20.0,540.0,5414.0,4992.0,4.0
3953c4d0-6a9a-4420-aaa0-b878aba25daa,Raymond Garza,18.0,548.0,5560.0,4569.0,0.0
241ab6de-0606-4064-8b2e-ab5ac526fa95,Raymond Buckley,63.0,705.0,3160.0,2289.0,0.0
8f825a7e-7781-4ad4-8686-e7e76fb7ec5a,Taylor Shelton Jr.,21.0,556.0,8800.0,1366.0,5.0
706af36d-4c9d-4082-8f14-dfc387d382e6,Theresa Torres,34.0,803.0,3281.0,3941.0,4.0
68110872-e2a4-4ba8-af10-38d2db15b7ed,Miss Laura Garner,59.0,648.0,746.0,4763.0,1.0
5fc99610-3eed-4a8c-a178-3c168d3996fc,Amanda Wong,23.0,496.0,3380.0,963.0,4.0
d948face-2daa-47b8-8f2e-bf48eb36e74a,Mark Rogers,29.0,709.0,4256.0,3567.0,2.0
3a37344d-d3b3-4ed7-8415-7a0a683fb022,Michelle Thompson,47.0,688.0,4614.0,179.0,5.0
382bb994-4253-4f1b-9777-5114f849ba18,Ashley Nolan,21.0,374.0,9726.0,3849.0,1.0
b0e087ac-02c4-487a-9ee9-7b146b8f4851,Alejandra Wilson,25.0,549.0,7450.0,1563.0,0.0
c4ff354c-fe11-4fbb-bf30-f5646df691d8,Christie Bowman,56.0,453.0,3557.0,4835.0,0.0
4de61d6f-50e7-44fa-b286-686bf7032f6c,Justin Olson,50.0,571.0,3128.0,4827.0,1.0
8820e42e-ae7f-4a9c-b5e3-24db5fa88829,Sabrina Hodge,54.0,472.0,5178.0,3737.0,3.0
9f53b5a1-9ebc-4163-9145-5d821c027e7f,Tom Kennedy,40.0,729.0,9748.0,2933.0,2.0
f9c64fe0-be9f-4a10-80c3-1eec5f00ce4f,Judy Williams,59.0,471.0,6344.0,1827.0,2.0
886d2dcd-c61c-4719-be4a-e73d1770c81a,Raymond Brown,29.0,697.0,7803.0,2717.0,1.0
60d806a1-0bf2-40de-9e23-f19a2a526a5a,Sheena Dean,34.0,679.0,4226.0,647.0,4.0
b1d9fc2f-00bb-4c64-8cc3-33350d8ced3b,Colleen Carter,52.0,356.0,8270.0,2846.0,3.0
954a24f0-9a12-4311-8b3c-e021eb0526a7,Donald Silva,44.0,776.0,8230.0,997.0,4.0
50d510e9-069c-4fd6-b9ed-c5c2ed39b203,Helen Jackson,52.0,564.0,9975.0,5000.0,1.0
f513c385-c3da-47ff-b3b0-02e574a94370,Derrick Lyons,40.0,523.0,1753.0,4228.0,4.0
48de0010-1f43-4ae1-af33-30afa7b9981b,Matthew Butler,27.0,831.0,3606.0,3928.0,1.0
1b2b102f-bbdc-4e56-bec3-26889c995196,Jessica Conner,61.0,466.0,2270.0,269.0,4.0
0e664510-bc3e-4d45-936c-4e55135047f1,Chloe Golden,23.0,756.0,6828.0,2517.0,1.0
e1f10daa-22f7-4679-acc6-58b560a8328f,Anita Lynch,25.0,323.0,2244.0,2313.0,5.0
ac226803-851b-4e0a-95e8-11cd034946d3,James Friedman,33.0,436.0,1773.0,2847.0,0.0
e9d53175-9f99-470d-974c-52e9ee3ff220,Randy Barker,40.0,845.0,4891.0,3517.0,3.0
f3ae1189-e1fb-4395-b366-313e3c4bde2e,Edward Walker,33.0,438.0,8607.0,841.0,5.0
24733115-223b-4ea8-baba-654a5c5129c4,Michael Wilson,53.0,770.0,3619.0,4339.0,0.0
35f4a707-7c40-48e6-a54a-f641cd9c976c,Betty Butler,22.0,656.0,5792.0,3431.0,5.0
5e911cb8-ef1a-4a14-8815-95b4c2b1e39b,Kenneth Hendricks,55.0,594.0,5703.0,702.0,4.0
8844e447-4515-4833-bfca-5d65970a42f2,Danielle Johnson,39.0,505.0,6343.0,4061.0,1.0
f321b6ba-b85d-4e86-8bcd-2a7882f8008d,Juan Hardy,29.0,660.0,6352.0,2576.0,4.0
c56e5307-353e-4cf9-a697-34d8c55693ea,Joshua Edwards,28.0,843.0,6480.0,852.0,1.0
4a3ee227-49f7-41a1-8756-d624c6815f1b,Randall Graves,60.0,328.0,6330.0,1516.0,5.0
bfed64c6-4794-4f41-afac-44f88239cb92,Cody Golden,47.0,411.0,9174.0,4321.0,1.0
72e39eff-3bc1-42d3-8b1c-f66c26ad7d62,Stephanie Copeland,48.0,798.0,5987.0,3915.0,0.0
70f81d2a-7fea-46ff-86ff-c5a369662f23,Brandon Price,52.0,642.0,1814.0,3399.0,5.0
ae49a334-59b5-426f-b7a5-54f56e0e2aca,Matthew Hernandez,18.0,749.0,9638.0,3036.0,3.0
d9187f08-71ae-458e-b4bb-fb140a55d2f4,Ashley Rivera,32.0,314.0,6736.0,3383.0,5.0
2b57982d-c0ca-4bad-957b-03b932df4f3e,Patricia Snyder,52.0,603.0,1548.0,4269.0,4.0
21d52093-6951-4454-a2b6-1d729ce3b879,Margaret Olsen,60.0,486.0,8258.0,1070.0,0.0
59d1a540-30fd-457a-8d6c-40cb67886da2,James Castillo,62.0,574.0,5780.0,4742.0,0.0
144e4109-163d-4e9d-bd28-aee9d2854489,Jordan Gay,41.0,310.0,8111.0,1655.0,3.0
845a97e3-6f48-4955-9673-6d9616f354e4,Nicholas Munoz,59.0,418.0,4611.0,3624.0,3.0
b746ccfa-42e3-4655-a485-e969f196b587,Michael Willis,54.0,417.0,5001.0,3990.0,4.0
a7a126d0-cc67-4d6f-9bbb-5c90e1dbae55,Todd Jackson,20.0,466.0,5063.0,4677.0,4.0
fda69f77-0241-4768-a061-397808bd1989,Kimberly Morgan,19.0,416.0,1757.0,3432.0,3.0
ccc4b235-15a4-4db3-9e42-f45755c33db1,John Foster,30.0,529.0,6693.0,4586.0,1.0
0b0061af-b5de-41d0-b866-b6853cff5992,Jason Hartman,23.0,353.0,117.0,4962.0,4.0
052ad0aa-e5b0-4c62-a976-c41748ae382a,Corey Shelton,40.0,620.0,5833.0,3433.0,2.0
2d705db0-2894-4501-a086-e92e27ad2b39,Mark Ross,40.0,605.0,3500.0,1117.0,2.0
09aebd76-68d1-4f0a-ad47-a8aed4fd2e03,Matthew Williams,65.0,536.0,8527.0,263.0,3.0
c291b0ac-dbcf-4334-a028-2acb254bbd4b,Jason Fernandez,55.0,848.0,2790.0,1166.0,5.0
27587f6a-38de-40a6-9633-2d4ddb59e2a6,Angela Smith,45.0,434.0,4647.0,2477.0,2.0
865bd6e5-39b3-4975-87a7-759f77773d16,Lorraine Avila,55.0,707.0,2203.0,4989.0,0.0
9d6358e3-4321-46f4-b596-d3210a3fbb98,Steven Johnson,40.0,439.0,7244.0,3872.0,1.0
ea0e3439-b6d6-4226-8b5c-a96059bc4d10,John Kelly,39.0,395.0,7174.0,2074.0,2.0
99e4f250-1f56-4302-9389-5d99243f1616,Jonathan Herrera,39.0,473.0,9075.0,328.0,2.0
75059a67-5244-425d-afc8-54b266c9d540,Danielle Mccullough,42.0,366.0,5922.0,4504.0,5.0
2a57170d-bf43-4e10-b1da-7b37daa3a7dc,Sarah Hood,52.0,383.0,8992.0,191.0,1.0
384df884-a75c-4cbe-a33d-fa5b4a7a3613,Kevin Rojas,31.0,305.0,800.0,73.0,3.0
5b6354f0-4958-4755-b16b-9693dfbb1401,Johnny Gilmore,55.0,787.0,3405.0,929.0,0.0
844f9bae-7911-4525-bcd6-172a751c8ff0,Mary Dickerson,62.0,458.0,8976.0,4767.0,5.0
ea75c6d1-978e-4ed7-b117-d171d8e5efc6,Jeffrey Matthews,31.0,466.0,1384.0,2490.0,2.0
76e6ce7e-92d0-41e4-98c2-3a0c27cebf61,Joe Cooke,62.0,747.0,5679.0,4171.0,3.0
83338475-41f9-4adc-acbd-3b0c41e123c4,Amy Monroe,24.0,814.0,5574.0,3728.0,3.0
82d9dfd5-d383-45e9-8bb8-b124898ef3c7,Matthew Walker,65.0,832.0,7436.0,518.0,0.0
945971d0-fb8f-40c5-a9d7-b78d3729ecfa,Emily Norris,56.0,447.0,5016.0,4585.0,3.0
c9b96ccd-9a66-4fb2-aa8f-19c2a0d792a1,Kevin Thomas,24.0,546.0,3828.0,4209.0,1.0
c91f5e6a-c2f6-4eea-8ccf-51d492628c31,Nathaniel Gill,53.0,321.0,4965.0,2107.0,5.0
1c194e37-beaa-45dc-8b4e-bcfc7b9c34bd,Christopher Figueroa,48.0,392.0,9363.0,4902.0,4.0
602da8e1-24c8-4629-afd4-26ec55629a3f,Rebecca Dickerson,37.0,623.0,2489.0,2985.0,0.0
b9b426b5-a6d9-4e66-95c8-3331e30d8531,Mary White,62.0,350.0,3670.0,3377.0,4.0
395a4d99-03c1-4eb7-939e-82cf8f8506e6,Cynthia Jones,48.0,721.0,7703.0,1847.0,3.0
26f1bf8c-985d-4f6c-b56e-44221d7280c7,Daniel Jones,47.0,354.0,5282.0,2301.0,1.0
f1f2f008-f5a9-4f32-945e-2110f5951f7d,Alicia Tran,26.0,405.0,6720.0,4547.0,1.0
4a2c7a5b-0b18-4339-b330-3303caea4e79,Joshua Delacruz III,33.0,506.0,1228.0,4169.0,3.0
088eff6e-8a86-4e6a-b835-9cd28dd39df8,John Foster,27.0,834.0,1675.0,3643.0,3.0
5b4daccc-41d4-4255-94dc-10caab84efc9,Shannon Stevens,52.0,757.0,7220.0,3925.0,4.0
e29f6a18-1aa2-4ab8-9045-2ec863da05ff,Anthony Smith,36.0,730.0,9946.0,3657.0,4.0
bdf2f82b-3e47-4d20-a916-d3f3a6cb4a27,Brenda Turner,39.0,829.0,2339.0,11.0,2.0
bcd359b5-1294-43c6-b2b6-247f80d1cb6a,Tammy Costa,53.0,381.0,1337.0,2936.0,3.0
5230805c-f638-4fe3-83b8-25ccd1522493,Anna Ferguson,27.0,550.0,1400.0,4968.0,2.0
544f4b2d-5c43-4eb6-9592-0e96a20be93d,Daniel Martinez,48.0,848.0,5547.0,1770.0,0.0
db8cdcb8-fc67-4f3e-bee9-3fabac430dd0,Aaron Allen,31.0,711.0,4515.0,2827.0,0.0
d357ce37-a919-4eee-aef6-6f1fd988365b,Justin Garcia,27.0,304.0,7772.0,1458.0,0.0
631285eb-4dd5-4e53-abf2-7e9344b87b00,Terry Phillips,34.0,791.0,6556.0,192.0,4.0
19962435-73f1-4684-89cd-ca8326cfba05,Leah James,55.0,451.0,9802.0,2342.0,1.0
c29c27d5-5319-431b-b4cd-21876f761d76,Cameron Burnett,62.0,452.0,1962.0,3826.0,2.0
905c19f7-8ed8-4d2c-8814-58d8719b9570,Monica Rogers,48.0,472.0,4874.0,3473.0,4.0
4f993f65-d397-4bba-a9e4-75fdefe150ae,David Robertson,35.0,502.0,9140.0,2887.0,4.0
db6958a4-f7a8-4b32-b57d-4f0e583a496c,John Neal,28.0,478.0,2054.0,3580.0,1.0
61c0c25c-6a7b-48b0-9233-0d81b73cc852,Emily Smith,64.0,636.0,3586.0,2773.0,4.0
066333c7-c286-472e-b00d-cde5103599ae,Dawn Young,41.0,443.0,1052.0,4801.0,0.0
81587caf-999a-465f-9a4e-d94ee9dba236,Sara Walton,19.0,733.0,7118.0,2554.0,2.0
50a96317-7364-4243-8214-65457742bdc7,Eugene Cook,31.0,325.0,964.0,4175.0,5.0
10a84f01-4a09-48fe-987d-5737b7d5fde6,Gina Rios,34.0,304.0,146.0,1595.0,3.0
69c3a5d9-9d96-4f67-8620-3d7b4f3d7413,Jesus Allison,43.0,588.0,4382.0,2533.0,3.0
bbe8b988-e5ec-453f-a278-b525078af58e,Derek Allen DDS,42.0,460.0,3560.0,3600.0,2.0
d8e0e02b-57ec-4539-8b02-88967c0f412e,Sara Arroyo,28.0,632.0,1679.0,1314.0,3.0
0a0a6e56-b784-4143-a698-bf32f2df5914,John Phillips,26.0,784.0,8688.0,2524.0,4.0
3e2550c1-15f4-4764-a16d-78bb2445f5d3,Daniel Blake,19.0,565.0,4322.0,537.0,0.0
76de29a5-c81b-4a1b-af18-7b5432afc417,Patricia Scott,36.0,764.0,3682.0,3522.0,0.0
9e1f88ba-50c8-4110-b363-cb6ff836d8b8,Christopher Dodson,25.0,585.0,2483.0,2834.0,2.0
2569dd3a-4aae-4227-9eda-e9f3f863a63b,Susan Jennings,25.0,475.0,9070.0,3724.0,0.0
8b44472e-f97e-4e4b-86b4-4f5f4af2d27e,Michael Beard,51.0,308.0,656.0,4313.0,5.0
6184c83a-b1fa-4be6-b2c7-67c1d113f372,Brian Rodriguez,65.0,525.0,1408.0,3878.0,4.0
1d255c45-21ca-4de7-8d8c-a66322a2768e,Brian Morgan,34.0,598.0,6627.0,3527.0,4.0
1ab1d609-4e6d-4f02-95cb-776b012515cb,Emily Knapp,49.0,604.0,1968.0,2358.0,5.0
9ea26bb4-b9fe-4a9d-ba25-a99b13d32f33,Shelly Conner,61.0,410.0,8352.0,3505.0,2.0
d23f41ff-729d-46d8-bb58-9bd85c4e3cee,Rebecca Marquez,31.0,310.0,7157.0,934.0,3.0
38cae0a4-74ec-45d1-b0ab-19173152ca08,Carrie Thomas,18.0,709.0,2263.0,1524.0,2.0
b5dfd655-3da4-4106-bf4a-2985cc75e645,Karen Thomas,27.0,602.0,2053.0,1952.0,4.0
cfae59f2-ec3a-4154-b176-6ebcfa3cb0e5,Elizabeth Zuniga,48.0,454.0,538.0,202.0,3.0
1e9ef011-12aa-4dbf-aa9c-97c328417297,Cheyenne Thompson,20.0,431.0,1141.0,4018.0,3.0
b641957a-8d19-4f79-85f9-2d6db0448416,Cheryl Baker,63.0,751.0,9898.0,3838.0,5.0
c112cf39-014c-4310-9bfb-78da7be2592e,Justin Webster,18.0,710.0,8394.0,4110.0,3.0
b40e9768-1d24-4470-8c94-33d057c36557,Kim Fisher,21.0,815.0,9801.0,4439.0,1.0
057364ae-c555-4379-8adb-d731d3e53562,Brandon Moore,48.0,684.0,5093.0,1978.0,5.0
ce08252e-1425-424e-af08-1fcb25d52a0d,Seth Snyder,62.0,730.0,6976.0,1049.0,4.0
b75b7bf1-21c5-4ab9-8725-4770b00bee75,Daniel Holland,62.0,818.0,2171.0,3103.0,0.0
f9adbd71-65b9-4880-9fd5-8dd456b2b870,Travis Campbell,44.0,355.0,4426.0,2272.0,1.0
4d89f782-b155-4773-8537-51c48f733e73,Douglas Christian,48.0,496.0,5705.0,2169.0,1.0
7dc56766-6772-4ac3-b09a-139824d7dd16,Jessica Golden,46.0,677.0,724.0,2358.0,4.0
60da2e6b-5c5c-46a8-937e-36c69fdf5f17,Lisa Lewis,45.0,611.0,3695.0,732.0,4.0
8cc1e7d1-4a59-48d6-948b-04519e5185d4,Angela Roth,64.0,609.0,4641.0,1687.0,5.0
2e313376-0581-4a7b-985d-5fd855ee3a90,Tamara Johnson,23.0,813.0,6209.0,4506.0,0.0
a4ce05a6-8bfa-4adc-877f-59ab52118624,Elizabeth Jarvis,45.0,475.0,8598.0,3426.0,2.0
938ba0fd-9e63-4482-9308-1022dff5e575,Walter Jennings DDS,55.0,438.0,1177.0,1709.0,0.0
8bc49a58-c542-4232-9a5b-0bb1a15e81ed,Paula Schultz,48.0,654.0,1640.0,2379.0,0.0
5c046ec0-d1bd-4170-9019-d4183c69a919,Kara Kelley,25.0,374.0,6280.0,3200.0,2.0
e2da50d3-26ee-409a-93fc-ded8577366a4,Angel Pena,44.0,670.0,1856.0,2581.0,0.0
3f593b9d-183e-46f4-8f01-b68ae37acb45,Stephanie Guerra,65.0,358.0,9105.0,3920.0,3.0
37d35401-ce80-4337-a5ff-3a623c67c721,Mark Hobbs,40.0,487.0,2340.0,483.0,2.0
876117c2-47c3-4a4a-a7a1-49a2342be2a5,Denise Williams,23.0,628.0,7027.0,474.0,5.0
d4b14b4f-f204-4674-a93f-534db7f2ff05,Kimberly Lopez,54.0,437.0,8528.0,548.0,5.0
0a1906d9-4929-449a-9870-3f53b3db86e4,David Gillespie,26.0,580.0,160.0,2645.0,3.0
8dcb8cb2-f88e-44de-af53-0450bc11c9ad,Jeffrey Berger,61.0,635.0,7510.0,845.0,1.0
57f4ce02-13cd-48df-bdc0-3286328b5237,Brian Wilson,48.0,512.0,1756.0,1968.0,5.0
bc5ad091-9ee2-44b8-86f6-d7016c66fca7,Linda Clark,25.0,398.0,5834.0,2880.0,4.0
0048c423-f76c-4930-b82b-4c9b2273b3ce,Christina Kim,51.0,527.0,805.0,2997.0,5.0
ddc6e178-75f2-4c28-b2ce-791027637d50,Vincent Garrett,62.0,489.0,6904.0,3773.0,0.0
4b0b9626-5d29-4213-90a2-30a94dc4d7e6,Amanda Barrett,26.0,611.0,6522.0,1025.0,0.0
2b5608da-0ccb-463c-8147-3a922d40a4e4,John Nunez,48.0,618.0,548.0,4090.0,1.0
10318cd6-0383-4c37-8d98-2c5e0aef1493,Amy Smith,18.0,705.0,8728.0,3849.0,2.0
f98cff36-6456-4ed5-a2c5-2828206988b9,Jacob Rodriguez,25.0,328.0,5852.0,2940.0,1.0
318d9b14-fa09-4f4d-93c1-9379dfcd80d1,Jay Macias,62.0,646.0,9591.0,4185.0,2.0
f47f0a6c-7423-4ea1-80d3-2be6d280a124,Whitney Green,29.0,686.0,5768.0,438.0,4.0
c7d6b2c9-c995-4168-9bff-18c2b05b253d,Stacey Santana,41.0,365.0,4969.0,3180.0,1.0
eefc1835-cde3-498b-b635-4b44364425c6,Jordan Tucker,55.0,777.0,7732.0,1115.0,1.0
db3142b7-349a-4f34-b85f-20596abf7eb0,Jeremy Sampson,33.0,561.0,7390.0,1895.0,0.0
38cbb54a-5b25-46cb-8ef9-34b650868658,Brandy Lopez,60.0,656.0,4665.0,2128.0,3.0
9d01e1d9-a6e3-4f75-9ee6-2e81bbaa005f,Gwendolyn Fisher,37.0,410.0,5361.0,4475.0,3.0
f381f19f-a6c2-470c-b71e-3829183aa281,Susan Novak,48.0,768.0,4935.0,3900.0,0.0
a083b76d-8791-4088-af9e-309cb873ee78,Casey Obrien,54.0,661.0,9734.0,4932.0,5.0
351b4385-4855-446c-954a-c7d573ab0170,Michael Becker,65.0,362.0,4541.0,2300.0,1.0
aed1f80c-f873-43e3-a54e-a82300847fb6,Christine Delgado,60.0,599.0,742.0,1664.0,5.0
a7df9575-a524-4cd2-b059-ae2eda22dabf,Leslie Edwards,41.0,832.0,511.0,2475.0,1.0
b9056e69-1f68-47a0-92a3-5e23ce0bc9a8,Leslie Hayes,62.0,722.0,2750.0,262.0,4.0
bc61aabd-889b-428f-bade-3223d0dd38ae,Shawn Smith,62.0,572.0,241.0,2285.0,2.0
11bc6606-5dab-4026-acd3-e14d4c401bca,Daniel Whitaker,62.0,439.0,2863.0,558.0,2.0
775e2143-e355-4ab2-85ad-630e5d107ac9,David Salazar,30.0,792.0,4988.0,3193.0,5.0
84c8f1c8-84e5-49a6-9871-cfd537fdbf4a,Christopher Nelson,30.0,676.0,4271.0,904.0,4.0
ac1605b3-78db-456b-ae00-c21f3b5302c9,Deborah Hughes,56.0,808.0,7920.0,1387.0,2.0
755544c5-54d5-4bba-a5ca-b842ae04fc1f,Wendy Anderson,19.0,359.0,9264.0,2186.0,3.0
477c4f07-271a-479a-82af-b4a46859155b,Todd Johnson,22.0,720.0,7246.0,2756.0,1.0
b44fcc86-2a96-4432-a2f2-69b6bb11667a,Victor Nguyen,21.0,351.0,4478.0,3618.0,5.0
4d949446-805e-4ff4-9652-6faae84b7b0d,Jill Vazquez,53.0,765.0,9376.0,3243.0,1.0
3f3122da-adde-419b-9334-5b08227ffd8b,Wendy Hill,52.0,740.0,8478.0,139.0,1.0
f25870d6-ca1f-4064-9f26-3ebd090b4b32,Brent Huff,63.0,353.0,5301.0,4438.0,1.0
ac815240-1970-4b67-a3f6-69219c882054,Kara Duncan,62.0,818.0,1620.0,2738.0,5.0
d92b2828-699d-475a-b52c-90861b795c33,Robin Harvey,23.0,840.0,6702.0,195.0,3.0
38bc0b03-e181-4ce6-ab01-ed1333099193,Kevin Tucker,30.0,352.0,5930.0,2012.0,0.0
cf64f698-2f47-4cfd-aad8-7e7f8eb3c836,Sara Simmons DVM,44.0,582.0,638.0,2263.0,2.0
cd705c23-9259-4993-8c6c-bb5a2f7c92b6,Robert Moore,58.0,692.0,5391.0,2073.0,5.0
060ca741-86ff-4e24-8f10-e22cb111f687,William Hernandez,50.0,770.0,6101.0,4090.0,3.0
ccfcb359-bdb6-4912-82b5-107b334bf5aa,Edgar Leonard,18.0,522.0,7378.0,331.0,3.0
391beb48-e067-4c0c-998c-71f24ec28595,Cynthia Davis,37.0,709.0,3055.0,2772.0,3.0
dc9be3d2-d4b1-407b-bf66-8792f797664a,Christopher Conway,25.0,496.0,4944.0,2561.0,3.0
637b4fbd-1d0c-4cc8-861a-598be8fd0274,Courtney Lowery,51.0,674.0,5507.0,550.0,1.0
f78c3d5d-208b-4439-affb-230e0894ff49,Taylor Butler,30.0,317.0,705.0,4929.0,4.0
1f5ed540-603a-4bd3-88d8-933c021bb0cb,Christina Conway,41.0,603.0,6067.0,1776.0,1.0
006751d3-af4b-444b-8c7e-9c6a8bd35cb4,Julie Love,50.0,791.0,3410.0,3570.0,1.0
00303520-1805-47f6-9a75-7f158aa32f95,Henry Elliott,46.0,432.0,5504.0,4852.0,3.0
765f9e0d-ab5a-4ffe-879f-bfbe44aba75e,Jennifer Patrick,41.0,398.0,8049.0,4531.0,5.0
504fc231-6053-49cc-b19d-265de006ab79,John Castro,36.0,410.0,9189.0,4548.0,4.0
e349a208-3a04-45ca-b130-e35c29dcee92,Julie Patton,38.0,770.0,6309.0,2987.0,3.0
838ada4c-5665-40a8-a438-8550d69d713c,Shawn King,38.0,709.0,5927.0,1649.0,4.0
32d391fb-7e67-469b-af2b-82f905283093,Nicole Davis,59.0,585.0,3020.0,157.0,2.0
ffdb9209-aa59-4bc0-8460-5d0dcda954d1,Michael Ross,58.0,811.0,8854.0,490.0,3.0
27454c5a-f1b5-480f-b579-cb9be06f704f,Kathleen Henderson MD,55.0,405.0,2076.0,3252.0,0.0
4b1a534b-66e1-4f41-b3e6-7cdba0773ac2,Matthew Lindsey,44.0,801.0,6612.0,582.0,3.0
1ad3110b-e25f-4637-88dd-2849726a4fdf,Tristan Terry,29.0,846.0,3563.0,1146.0,1.0
341b3bdf-a2f1-4479-b0ab-f87b0c223680,Leslie Hall,65.0,373.0,7195.0,1206.0,1.0
e7c353a8-a583-46ce-9a55-04930af2f2a5,Dr. Michael Smith III,44.0,476.0,6219.0,2999.0,4.0
e732b4db-0ccb-4db1-9947-e272c90b704e,Carol Johnson,60.0,465.0,3529.0,1743.0,5.0
41af8119-d45c-422a-af70-4fdc6f488241,Charles Cantu,61.0,803.0,928.0,542.0,0.0
d239f012-2c1a-4ee4-ab96-7ea5e9b11535,Leah Diaz,63.0,782.0,3744.0,2353.0,1.0
95b6c81f-2daa-4ea7-a21d-b593581a7bb4,Rebecca Hernandez,41.0,698.0,793.0,4797.0,3.0
af51b811-7734-4a5a-8243-a003b1419454,Dustin Roberts,33.0,462.0,8500.0,163.0,1.0
2cf2fec5-1a15-4cdf-9e8c-85d2cf3dc928,Dennis Bell,23.0,702.0,9048.0,182.0,1.0
d64c5163-dd78-4151-a34f-56bf800552cf,Alexandria Henderson,29.0,420.0,9306.0,3742.0,1.0
308e3f21-cdb2-47b6-8462-b924f86a0b7a,Nancy Thompson,28.0,398.0,9709.0,3105.0,2.0
e4d9dbed-1c51-44a8-ada5-524bfeae7d48,Kelli Roberts,42.0,327.0,8600.0,730.0,2.0
5a9e2acc-3c29-4547-bc37-0b37c5e8aeaf,Justin Parks,23.0,499.0,8383.0,1374.0,3.0
0e715b6b-d15c-42d2-980c-ce0920be69b7,Michael Koch,40.0,469.0,1270.0,3209.0,3.0
f1ce98f2-e16d-49a7-9525-54612800b8c7,Sandra Freeman,38.0,342.0,3077.0,3479.0,3.0
1d976b50-7459-43a3-8128-300e7cae4813,Anna Flowers,38.0,672.0,1487.0,3907.0,3.0
20ad05ef-9cab-4c56-b184-72096ec52599,Gina Collins,27.0,551.0,6069.0,1310.0,3.0
ddfec61c-1788-4525-b60a-084772ca54e3,Danielle Christensen,30.0,707.0,212.0,3428.0,3.0
539b6dc9-1440-4f16-bd00-db79c5189b13,Tina Smith,46.0,739.0,8365.0,2771.0,4.0
a2326569-d4c4-4961-a70c-f6b11979864e,John Merritt,38.0,302.0,4742.0,263.0,2.0
310d9818-d7ea-40e4-afc8-c682b2abd636,Carly Rodriguez,46.0,751.0,6382.0,3623.0,3.0
4c9ff0a0-620b-496e-84a2-363536c454bc,Deborah Reed,25.0,542.0,5441.0,1514.0,3.0
0dff6cef-fa3c-481e-9607-6a7c28a7cfb1,Amy Fletcher,59.0,570.0,4235.0,1924.0,0.0
00decae1-b30f-436e-b649-0508eece1ad8,Ashley Wang DVM,42.0,849.0,9367.0,1370.0,1.0
d27cf472-0185-4e06-bd1d-8d1a5eda1221,Lisa Rios,37.0,808.0,1468.0,2565.0,2.0
f6d314a2-c102-4e74-934f-61de12e41be4,Jason Hunt,28.0,824.0,4461.0,2741.0,3.0
a4d82abc-78f6-42b7-b6e7-da2ed28eb240,Angela Hernandez,36.0,519.0,4069.0,1003.0,2.0
e3684b0e-32c9-436e-8d2a-4e06c0d2bf2e,Robert Campbell,24.0,520.0,911.0,2463.0,0.0
25c12a30-9223-4754-a510-61f856e6f738,Nicole Chaney,46.0,844.0,9302.0,2049.0,4.0
b588f6b4-ed48-4cde-9dfc-89686453f5bc,Natalie Martin,19.0,759.0,4848.0,4959.0,2.0
1ab1f28a-dbe5-4a19-87e4-0228c4bc490c,Ashley Taylor,45.0,583.0,5399.0,4557.0,1.0
0e286f96-e20a-42f4-a305-358c49183cf9,Evan Lamb,40.0,386.0,2708.0,2088.0,0.0
25c4a071-50ad-41d0-8a28-bc75b0127a83,Jessica Parker,45.0,777.0,2105.0,1742.0,3.0
0f149e51-c23d-42cf-b0fd-d171963517b2,Laura Li,60.0,474.0,4795.0,2843.0,5.0
b355c099-8f5a-474e-b60a-9a9399eda491,Chris Garner,54.0,785.0,9287.0,2212.0,4.0
1ea1ff3c-7458-41ca-99c5-dd4e399de83e,George James DDS,38.0,736.0,6537.0,1044.0,5.0
2305b39a-9acf-48bd-92e5-5e6c45989f4a,Kimberly Bolton,63.0,811.0,119.0,4085.0,3.0
59512f8a-e177-481f-838d-67cfa266845e,Michael Johnson,51.0,820.0,5429.0,106.0,3.0
5fba1b8b-7ca7-4839-b8b0-ac340776f0a1,Brianna Nolan,44.0,845.0,5564.0,3322.0,2.0
059ef505-783e-4a4a-a1a9-e0439d9aace4,Melissa Sellers,51.0,849.0,6813.0,1230.0,2.0
01aed21c-a334-4e67-a026-4aad3c7c6d99,Jenna Walker,21.0,420.0,1756.0,4411.0,0.0
6d30a7fd-7910-41c4-97a8-90798ee2efc1,Erica Padilla,40.0,346.0,8520.0,2063.0,5.0
887fc23d-b155-44dd-bf22-6f84e758c4b0,Julie Brown,24.0,346.0,1320.0,795.0,0.0
bdb236e4-6921-4a23-aef9-81a8b86a077d,Jennifer Wilson,57.0,790.0,9521.0,352.0,5.0
ae8b76e1-9567-4c51-a92c-0991565644c3,Jennifer Williams,56.0,559.0,5472.0,3111.0,4.0
dec44b16-09c2-4c87-ae3e-11ac2c56130c,Richard Molina,45.0,379.0,3631.0,984.0,2.0
7d03cc1f-94cd-4c85-b6b0-0b4ead44d04a,Catherine Brown,53.0,572.0,4520.0,4023.0,5.0
dc3a9953-ab9f-49b2-8016-47865d49c95e,Mackenzie Castro,38.0,409.0,3403.0,4356.0,4.0
d5e47a18-b890-4ae5-b3e7-ecdd9715e005,Jessica Summers DDS,37.0,631.0,3851.0,1652.0,4.0
e49e4381-b5a9-4e48-8a41-40a5650495c9,Gavin Newman PhD,35.0,393.0,9155.0,3333.0,0.0
936e7465-0535-4038-bcda-01fd4ba53324,Leah Rivers,53.0,544.0,761.0,4981.0,2.0
d951ac13-2c0e-44f1-9bd2-f4837747c7f0,Sarah Marshall,49.0,339.0,953.0,2854.0,2.0
a2954d3e-8f80-4e77-8acc-812ce4fec372,Emily Carter,62.0,633.0,8212.0,3072.0,2.0
d906b1d1-6658-4760-95fa-62f8dc817374,Christopher Gilbert,33.0,457.0,6137.0,4913.0,3.0
0d37e961-7dea-414d-b675-16a4942ef295,Michael Hart,32.0,416.0,9047.0,3873.0,0.0
53f431ac-8cae-4c1f-b7da-83b100cb4b9f,Eugene Castro,23.0,470.0,2045.0,4618.0,2.0
30a50c34-fbc1-4b6b-ba8a-8d85746ca0ff,Mark Brown,23.0,632.0,4924.0,2985.0,2.0
e16dd1f3-c83f-495f-afcd-f7548b056485,Phillip Maynard,44.0,649.0,4699.0,4970.0,0.0
afa6ae3b-ec89-4fc7-9b1f-a317ec13ddfb,Amber Williams,24.0,304.0,6620.0,443.0,0.0
53859a24-4805-4bce-b9c8-d758c0e8b595,Christina Phillips,49.0,361.0,7982.0,3969.0,5.0
12648ead-9b24-468b-9f77-0c29c1fef181,Philip Fields,61.0,732.0,9806.0,3484.0,4.0
f9c5721e-5dcc-4195-befa-114b8999b196,Margaret Williamson,52.0,493.0,2240.0,296.0,0.0
f596d681-4d3e-45a3-9adf-ec7792ec72e6,Annette Smith,58.0,377.0,4389.0,4467.0,2.0
8f49b48e-7daa-4dd1-9d1c-426b1eec3f4d,Kenneth Mooney,19.0,329.0,2277.0,1854.0,5.0
f5cadc3d-abfb-4a51-ae9c-12e1bd8d14f3,Alyssa Lewis,23.0,799.0,3189.0,2224.0,5.0
5addad27-b665-428d-96c3-4aa6b31a16c7,Laurie Shaffer,61.0,751.0,3230.0,4766.0,2.0
0de44803-8c70-4c2c-b9c2-59318c3884e2,Kevin Robbins,40.0,846.0,813.0,3213.0,1.0
a9fa5905-5436-4cd1-b919-1dc4f199e708,Edwin Reese,58.0,553.0,2269.0,2340.0,1.0
fc59f022-c6ca-4410-9128-b3f95ff4edf4,Daniel Hamilton,30.0,746.0,8131.0,2923.0,2.0
b8cae1b1-11de-426a-bd94-6d6bdd0b1081,Tammy Johns,61.0,320.0,7088.0,3289.0,5.0
9a1d779a-dc48-4641-be0d-26cae1f939cc,Blake Stafford,57.0,805.0,1437.0,873.0,5.0
71db7446-b6d0-40fa-ab92-c9dbb4cb6e9a,Kimberly Harrell,42.0,727.0,6747.0,838.0,0.0
82cfdab8-10d6-4912-8871-a6a56e418e98,Thomas Barnett MD,61.0,550.0,878.0,1747.0,0.0
3b420e3f-83fc-4b7c-8fa4-7a64adf2fa1d,Tammy Baker,53.0,513.0,4404.0,3810.0,2.0
ec9b3214-417d-4784-b7a9-1dd2e058d39d,Olivia Rubio,44.0,722.0,7486.0,4590.0,2.0
6de8f08f-2cae-4586-81e3-f3c2185fe8b9,Shelia Moon,41.0,314.0,6286.0,3129.0,4.0
38487e72-1627-4d7d-8b65-387e2874d384,Shannon Lewis,45.0,573.0,4860.0,4176.0,3.0
f99fdae9-4b5c-47c0-8f9e-e21d9a54279c,Megan Garcia,44.0,510.0,1433.0,3879.0,0.0
1261618a-9482-45b5-80c1-d8166b50f732,Krista Burgess,38.0,474.0,3087.0,3825.0,5.0
e9da4d76-2c12-4528-bac7-f3ff11320431,Michael Horn,34.0,523.0,9639.0,4265.0,3.0
135d659a-92f0-4c94-9ee1-11745227a201,Amanda Hawkins,61.0,427.0,9053.0,3938.0,0.0
67e517e0-4b89-47fa-9bb4-681f0a72adfb,Gabriela Jones MD,42.0,489.0,2811.0,648.0,3.0
0aff9ca9-c086-474e-970e-06a854643e5e,David Ferrell,60.0,494.0,7323.0,3139.0,5.0
38a58881-aa7a-4e0b-b732-ce6c3ce40fa3,David Gibson,38.0,751.0,8608.0,4115.0,1.0
4f20d2a7-fa0c-4f84-a83b-ccb6a88ce073,Megan Johnson,55.0,798.0,8172.0,1332.0,4.0
03012b7f-3d7b-4913-a931-8daee45751b0,Felicia Bennett,26.0,483.0,3817.0,850.0,1.0
93379e3f-eddb-4f99-85a9-42f533d712e6,Michael Maddox,24.0,783.0,4935.0,1778.0,5.0
aac25536-1683-4d04-9989-76cd6356595b,Justin Hess,38.0,819.0,7401.0,3439.0,4.0
d185768f-edd8-4904-88c6-f011da2e1e8a,Chelsey Wagner,52.0,426.0,8842.0,2488.0,5.0
9d205a42-0323-46b1-aa8b-5a797a269146,Samantha Hughes,41.0,612.0,9898.0,1671.0,4.0
de6a8169-8e72-4ef5-ac8b-202fc1a80003,Scott Carroll,18.0,425.0,5571.0,1374.0,2.0
806f0f06-699d-4521-9f45-ffd875220b63,John Stone,59.0,314.0,4396.0,3410.0,2.0
447e7227-ac0e-4111-ba1a-221eb4ee013d,Jennifer Carter,18.0,644.0,6468.0,3143.0,3.0
662a468c-abed-45b4-be11-c5f2b68c556c,Colton Davis,42.0,821.0,9250.0,158.0,1.0
b5c4ecf8-abfe-4ac8-8d53-f9107af4bc1e,Maria Benjamin,45.0,489.0,7931.0,278.0,3.0
2d64689f-55cb-412c-bdcd-71fa4db200ee,Alexis Lee,18.0,556.0,5889.0,2800.0,1.0
e7f9b364-0f62-4d5f-aae5-6241ab4160dc,Karen Gonzales,34.0,470.0,9958.0,4766.0,4.0
86bb8689-e5f0-4ab1-8e29-f0aba24cbef9,Glenn Jackson,21.0,374.0,5426.0,1238.0,5.0
1da25a7b-c95b-4423-8e90-8830332801fc,Mitchell Simmons,28.0,784.0,1975.0,4714.0,0.0
b869d6f4-376d-4a08-b4d7-60ce4ff042f8,William Brown,52.0,506.0,5443.0,4437.0,1.0
834e8a91-cb74-49f3-b706-3f8bc00d2a3b,Justin Crawford,53.0,766.0,9553.0,1406.0,4.0
cc3b5454-316b-43b0-9420-f17721a10839,Kyle Gonzales,46.0,338.0,4875.0,4261.0,1.0
67bafcaa-8a69-4e02-9f0f-9e222536855c,Mark Suarez,39.0,775.0,238.0,4564.0,5.0
39965940-9efd-4ae3-9f83-b29fc14e58ef,Teresa Medina,53.0,847.0,5059.0,307.0,2.0
5b044945-5a3a-468b-bac6-1218d0b7d6a6,Amber Sparks,25.0,641.0,386.0,2771.0,0.0
ae2415c3-bdaf-4b4e-9c43-8b3249ef4d07,Arthur Moss,22.0,328.0,8108.0,1600.0,1.0
8a85ecff-631d-4c5a-86b6-892ab2b04c99,Ashley Atkins DDS,34.0,789.0,6606.0,4616.0,2.0
5e2f9bf7-521c-44fe-963e-82b4949bbe4c,Joshua Smith,49.0,372.0,549.0,2727.0,1.0
0e1de412-8f17-496f-8e97-a2b5e78f6d41,Jeremy Gordon,41.0,689.0,5156.0,2916.0,1.0
36900fa8-dde9-4242-9013-ea73af15d91f,Meghan Hunter,33.0,629.0,311.0,1371.0,4.0
f1e8156f-162a-4128-b625-da582b850baa,Kevin Alexander,21.0,405.0,8391.0,1236.0,2.0
16ab771b-06dc-4ce2-b05b-1bb5af7d24c6,Ashley Kidd,44.0,492.0,3249.0,1062.0,4.0
c38679a7-7a2d-420d-beca-b5099125cd19,Regina Taylor,46.0,641.0,7775.0,3880.0,0.0
1c0803c0-e9ab-4b32-8aee-d69961a82869,Jason Murphy,31.0,301.0,1250.0,4947.0,5.0
f07b7ad4-6126-4255-94be-b3f60a214088,Michael Burke,39.0,737.0,4579.0,1948.0,2.0
7c0555fd-4365-44b7-8a53-9ef05bfc8de2,Daniel Warren,31.0,326.0,4747.0,2264.0,0.0
562a87f3-da19-4f4f-b052-22b40735807b,Anthony Todd,32.0,665.0,3363.0,2450.0,2.0
2586b6ea-d7c3-44bb-a055-4f40669e9c6d,Jose Jones,48.0,794.0,6799.0,862.0,3.0
19cfba63-073f-4346-af15-fc95c8e37db0,Monica Nelson,43.0,538.0,1060.0,4572.0,5.0
c846a5a5-5a7e-4f93-b128-c5da96346287,Tyrone Contreras,34.0,357.0,9367.0,4724.0,4.0
cd735317-6b2d-484b-b344-3d558a809e7d,Loretta Kirk,28.0,530.0,1011.0,1475.0,2.0
347217c1-d068-4edd-8105-cee3f1032553,Bradley Lewis,31.0,303.0,3239.0,885.0,1.0
21782dbe-504f-4797-9c2a-61eac9ff0da5,Kaitlin Richardson,18.0,411.0,9604.0,120.0,1.0
6750271e-cb42-4771-95b5-72497e859ee3,Mary Griffin,44.0,612.0,7329.0,3068.0,0.0
a7d07132-0fb3-4caa-976a-76a0ff411867,Amanda Hanna,46.0,824.0,9791.0,1670.0,5.0
31672ac9-73de-4dc0-bc29-725b1a60e410,Dwayne Alvarado,60.0,645.0,2688.0,3460.0,4.0
145872a3-e7ea-4284-84f3-56ae81b6d6c7,Sarah Evans,58.0,364.0,6614.0,4389.0,4.0
f913a6ea-10e9-4ffc-ac0d-b7f77dc5f27e,Haley Long,26.0,537.0,8139.0,97.0,3.0
dae1801f-81c8-45c3-97f1-663591441ebf,Ashley Williams,30.0,742.0,835.0,3673.0,5.0
f41d65b9-44c0-451e-ad53-4114b348a6e5,Aaron Johnson,51.0,756.0,8114.0,1916.0,1.0
b5b803aa-e267-48b5-aedf-17f6239afc27,Micheal Wright,56.0,692.0,4002.0,589.0,5.0
9842a27d-d7be-42c5-afb0-4b06d6570532,Tony Watson MD,34.0,627.0,1636.0,3093.0,0.0
6df0ef14-27a8-445d-8b65-3d4b9cdd5f66,Debra Clark,50.0,544.0,3256.0,2326.0,5.0
fa5561a7-0e7e-45df-b8d0-4771feeea9ef,Charles Evans,43.0,577.0,1800.0,1362.0,2.0
38df57e7-205a-4d61-993d-1c4c02c88ca6,Christy Parker,52.0,588.0,381.0,2197.0,4.0
2788b377-cfa1-4402-9d63-941311c336b9,Danielle Becker,29.0,535.0,1077.0,1363.0,5.0
7bb8392b-d58d-49f5-ae24-232fc9134823,Jessica Owens,51.0,777.0,7531.0,1168.0,3.0
586158c2-59c7-45dc-8b6d-9d2c2422d0a9,Tracy Smith,29.0,547.0,8711.0,1283.0,2.0
f9293de5-df8d-46cc-8b29-85593727fa12,Cameron Brown,32.0,725.0,6000.0,3079.0,5.0
01ffa059-e03e-40b1-b407-1163af11cd12,Kristin Brown,58.0,490.0,909.0,506.0,2.0
9f548fd7-3925-441b-88e3-351b77829ee2,William Cook,27.0,445.0,1222.0,580.0,0.0
c4f868c5-a854-487d-899a-342bcbc98bc2,Alexander Donaldson,28.0,838.0,6723.0,1643.0,4.0
a8644da6-5b56-4f59-99f9-8a113fe701b7,Scott Cannon,36.0,806.0,6460.0,4171.0,0.0
a8b8995f-4c4a-4a91-aea8-5f0996276b50,Stephanie Ballard,31.0,612.0,4927.0,2649.0,0.0
a40d3d2d-7dee-486b-9a20-6ce1b75d3049,Alexander Kelly,46.0,586.0,1571.0,2883.0,2.0
b85d0ef8-f760-46f4-be58-414a0b551db9,Carla Mays,20.0,417.0,7627.0,2541.0,3.0
a06ef3ac-23fb-4d91-a238-557bc094af4d,Christina Bennett,18.0,371.0,3913.0,1579.0,3.0
d7d2e5e5-f773-48b9-a90d-c21182042a01,Angela Hughes,62.0,600.0,7092.0,2658.0,3.0
6a492328-9b94-4cb5-af3f-4b5431343728,Walter Norton,42.0,479.0,2273.0,567.0,0.0
0de4c5cd-d136-41ad-b1bb-7a90710d540f,Kristen Buchanan,64.0,826.0,1506.0,2324.0,2.0
11ce005d-2747-4a73-9dbd-8545cd2027ff,Dylan Rosales,57.0,541.0,262.0,4374.0,0.0
3c0a502c-7aca-4bec-afc0-7d1fadb747cf,Mark Ramirez,37.0,723.0,438.0,1037.0,4.0
26e1bca9-b461-44f0-981a-5e59c1aec6bb,Zachary Evans,28.0,378.0,4490.0,3379.0,2.0
9ee400f9-fedb-4e13-96b4-3348534d8228,Heather Zimmerman,43.0,843.0,4061.0,4964.0,5.0
9169608a-5ff6-4796-8672-98e01213f8ce,Gary Griffin,37.0,466.0,4812.0,1245.0,5.0
9e442e77-9f96-4b70-9da0-db680e2455c5,Erica West,32.0,811.0,4264.0,1345.0,2.0
073bb47b-2c72-40a4-a45f-64ddc9f6df39,Michelle Brown,25.0,491.0,5097.0,2350.0,0.0
6d744740-8aef-47d5-9927-e245a9600b33,Carl Watson,52.0,451.0,3449.0,2190.0,2.0
162a299d-b94c-4825-9151-e5e9d4dc9c82,Matthew Torres DVM,46.0,833.0,9686.0,2750.0,0.0
51a474dc-33dc-4af8-87e6-fae0d84c5523,Brooke Richard,31.0,423.0,4113.0,933.0,0.0
427911f9-b4a5-4e35-82e6-f33b94bc6f19,Anthony Combs,48.0,538.0,7707.0,4476.0,2.0
0a0c07a6-0d8a-4ee1-8e70-3ca1d2950a2c,Seth Smith,54.0,339.0,7564.0,165.0,1.0
3533b07b-2e96-4a9f-9cdb-40b57ffdd51e,Vanessa Payne,21.0,450.0,505.0,2504.0,0.0
4bc9b862-49bb-41db-a9e2-30ee3fccb6b4,Diana Carter,45.0,725.0,7476.0,2222.0,0.0
9f7b2ed2-8555-4edc-a8c7-26ac64db363c,Krystal Jones,55.0,461.0,2413.0,3834.0,0.0
1f3762ee-361f-446a-b0da-2c5b98ab110c,Amber Ramirez,47.0,612.0,3828.0,894.0,0.0
1d2a3fb0-c317-4bc8-987b-0882ee8dbcca,Dr. Tony Reyes,35.0,720.0,2178.0,1888.0,0.0
e2862d12-2c4f-42e2-ad27-0335c03ace87,Kyle Davis,18.0,499.0,1657.0,152.0,3.0
97414d05-fc3e-4b4b-9af3-cf8fa684909f,Raymond Graham,33.0,728.0,5198.0,3779.0,4.0
e7e14158-9bc9-4e0f-bb2d-350657213ebf,John Sullivan,59.0,464.0,157.0,2890.0,3.0
44ea34a6-d5f8-46f5-bd20-9bee166c292d,Angela Kim,30.0,665.0,7855.0,2656.0,0.0
3194006c-6637-441d-8c3d-0309982389f3,Jennifer Giles,18.0,829.0,6407.0,554.0,0.0
cd4977c5-5268-4984-8738-1057751c635e,Christopher Hansen,65.0,800.0,4336.0,802.0,2.0
8125c5e9-db35-44c5-9d84-370bbbfe7bfd,Jon Gonzalez,60.0,434.0,944.0,2135.0,0.0
6aec4472-f280-467c-98b8-33e6136ec09b,Erin Robinson DVM,53.0,783.0,2470.0,823.0,3.0
05ee9e3f-99f2-4097-ab4b-fa73b67a3cbe,Michele Hinton,58.0,736.0,8518.0,1576.0,0.0
487e364d-e423-4518-a6c1-02faa7faf2d6,Terry Harris,23.0,718.0,5713.0,1882.0,0.0
794354c6-c4ed-4173-9b2e-70f4e61f9384,Jason Goodwin,60.0,322.0,7222.0,2343.0,3.0
ca40653f-b4b4-4171-b65a-e859912ed51e,Mrs. Deborah Murphy,37.0,702.0,2335.0,3762.0,0.0
cb9221e4-c34f-4091-9cec-1760fde71c1d,Kevin Castillo,60.0,317.0,245.0,3347.0,2.0
b1b3a47c-ace8-498f-89f3-c92e31994a65,James Gross,55.0,842.0,3632.0,1908.0,5.0
aaef9382-237e-4112-9622-7d9df844aead,Danielle Olson,28.0,679.0,8790.0,2935.0,3.0
9731d06b-4473-46c9-a8f8-988560102e17,Amy Hunt,18.0,603.0,1666.0,2975.0,4.0
b1b96528-53c9-4fad-a62e-9d52ca62e7e5,Scott Mitchell,27.0,397.0,743.0,4131.0,5.0
4778202d-256c-451c-8cea-395bdcaa9a80,Daniel Rodriguez,39.0,667.0,6803.0,1855.0,0.0
8b54bc33-6b62-4414-947d-72687fe7fbb2,Heather Hughes,36.0,422.0,1128.0,1977.0,3.0
e3e603ee-6134-4360-9997-7972d11ad6e7,Matthew Bell,53.0,803.0,3652.0,4735.0,3.0
08a7180d-d02c-4c88-b82a-bbd4f246c736,Christopher Mathis,60.0,713.0,8955.0,4538.0,3.0
63050106-f28a-4c4f-9fbc-56f8407cc703,Dr. Kevin Rodriguez,20.0,367.0,7150.0,1644.0,4.0
be484033-9e65-483b-8396-1472d8689eaf,Amy Gonzalez,52.0,495.0,5681.0,309.0,1.0
34b5931c-66cc-41a7-8847-121d73f6bf39,Jennifer Combs,28.0,611.0,361.0,2471.0,4.0
cdb39afa-3a88-4e38-b8ce-2d636a275d9c,Catherine Norris,44.0,374.0,188.0,1248.0,2.0
98eb1bfe-9774-4625-990d-872eae2628e8,Nathan Flores,36.0,536.0,2204.0,2601.0,2.0
3fb326ba-4df0-489f-8e41-0aee5bf3e4cc,Anthony Macias,26.0,476.0,7006.0,3496.0,2.0
ce30e116-3a2f-4f23-9028-d02f5019cefd,Hannah Padilla,62.0,687.0,6505.0,1434.0,1.0
2a46fc84-ec1e-4a19-909c-4b2329d759b2,Anita Taylor,51.0,502.0,3466.0,3396.0,0.0
02c20c87-a652-4800-9563-837ab72ae4b3,Dr. Kelsey Hicks,51.0,847.0,806.0,3676.0,2.0
1f1e99c4-cc5d-4c44-b4bf-00bddb7b27f4,Elizabeth Morgan DVM,40.0,779.0,9232.0,162.0,5.0
a89e9c53-b3a8-48c9-9f6b-74bfe592260f,Carolyn Torres,46.0,620.0,8310.0,3706.0,2.0
ae46cd2a-0007-4b7a-8419-4d36f1e2589c,Adam Ford,32.0,704.0,9354.0,4368.0,2.0
8e77c306-4237-4d9d-a363-b5dfd2ddd830,Jennifer Rogers,45.0,623.0,8155.0,1492.0,5.0
ce06e0e9-1714-4678-a8f8-879561e54fc1,Lisa Galvan,65.0,731.0,3848.0,1140.0,0.0
ea0b4bec-41ae-49a2-bbf6-c1c309e7921d,Matthew Bernard,19.0,627.0,9497.0,4133.0,3.0
1a114bad-0ecc-4a6a-bb0e-f20fe1c33e84,Martin Moreno,63.0,552.0,4190.0,3937.0,5.0
d2a46988-edb5-41c5-ad0b-d40767d8f5ff,Dustin Flores,34.0,514.0,1553.0,4168.0,5.0
20fe81d5-56ed-48d2-a720-3289621ad447,Kimberly Fuller,33.0,733.0,4191.0,224.0,5.0
4cb61783-d4be-4644-9e1e-32d4613c7914,Bobby Dominguez,50.0,515.0,8567.0,319.0,2.0
24fcfcb2-1c8a-4aa6-899e-52bcf8b9f0ff,Christian Bryant,64.0,822.0,6881.0,3328.0,2.0
b1f36d86-0334-49ee-b8d2-4d285a748934,Elizabeth Schmidt,33.0,738.0,9844.0,2290.0,2.0
05084cbf-c761-4648-baad-d8f1e006221d,David Moran,59.0,630.0,4555.0,3719.0,0.0
22cd186f-3d5b-4149-b55e-b360c80f1073,Peter Deleon,55.0,760.0,2082.0,4597.0,0.0
ac9e8fd0-8f87-41d9-9989-79dadafb0468,Cheryl Price,65.0,583.0,6956.0,1971.0,5.0
116d5b3d-fe9c-4646-b78d-22323883273a,Judy Diaz,46.0,682.0,5392.0,3007.0,1.0
1ab4c979-b018-402e-9454-b24ca1e2a221,David Davis,54.0,322.0,5926.0,1051.0,5.0
6b766d36-7fe4-40c4-a482-877c35a392c5,Johnathan Lopez,35.0,630.0,3506.0,2584.0,3.0
c6764fd2-197c-4923-86aa-c7b28dcfcedb,Travis Carter,21.0,615.0,1553.0,1600.0,2.0
12f32e3b-4cb1-4b83-a73e-9f619275c237,Joanna Rodriguez,63.0,577.0,5233.0,2126.0,3.0
55ee359c-8b47-4908-933a-dd21fa34f735,Raymond Chen,32.0,606.0,7721.0,1741.0,3.0
ca630ccb-1244-4d46-8d3b-a1f22f0214d4,Michelle Parker,45.0,548.0,8283.0,2338.0,5.0
1f3c4740-7725-4b19-8f8f-af444c4c2706,Victoria Fields,53.0,578.0,2136.0,1155.0,5.0
74cc0f79-16cd-4e44-a510-9e2f6c7089e0,Vanessa Whitehead,31.0,622.0,7787.0,2401.0,1.0
5131dcd5-a69c-4c2a-be50-ca972271de0a,Andrew Garrett,43.0,595.0,5586.0,2011.0,5.0
d2add2bc-3493-413a-8d09-d137cabb7923,Jessica Mccann,65.0,731.0,4180.0,2375.0,5.0
9a7d501b-ac1b-4681-929b-5e45e4101390,Kimberly Hutchinson,32.0,332.0,8189.0,2658.0,4.0
fee145a7-bb9d-41ce-bbea-3d5a19ff391a,Christopher Robertson,61.0,790.0,9007.0,4740.0,4.0
41a9d744-bcfe-40eb-a464-2b137260dd2c,Sean Kerr,44.0,818.0,6515.0,3046.0,2.0
bda1ca0a-267d-49b8-9b81-c2744b31ede5,Mario Johnson,48.0,778.0,8556.0,1822.0,4.0
62b4e89b-b791-4060-b0fb-90926f9b4656,Aaron Lynch,56.0,316.0,9811.0,2499.0,3.0
cb4d5c3a-878e-4566-a230-3f06199e1534,Joseph Morales,61.0,699.0,585.0,2063.0,1.0
f5805d67-e19e-400e-abcc-aaec3f4e8e85,Timothy Thomas,52.0,433.0,7184.0,3997.0,1.0
7815d1db-ee39-437e-ab70-a2b061548423,Tom Stewart,21.0,744.0,5206.0,1533.0,1.0
d75e0c7b-ab07-4cb2-95db-fcf5eb858a74,Shawn Porter MD,61.0,816.0,2325.0,2452.0,0.0
1ec8bc5e-a54d-436e-946e-d28acc926f16,Amy Thompson,49.0,328.0,4135.0,3779.0,1.0
de6347a1-44e7-43e5-b4f0-9667135deea9,Kimberly Arnold,54.0,503.0,3666.0,1728.0,4.0
2ab513cf-a4b8-40f8-9401-e042f03db7a3,Tara Hughes,36.0,405.0,4004.0,3904.0,3.0
f4f33055-6caa-424c-8cb1-dc2fc4c25bd8,Eric Delacruz,41.0,473.0,4885.0,2757.0,3.0
bdcc924a-e035-4aeb-880d-de5536ad9f96,Crystal Miller,63.0,444.0,6074.0,810.0,3.0
d8b217ba-2bc8-44e7-a408-2d3b884fc2b8,Benjamin Vincent,31.0,673.0,3346.0,1859.0,1.0
7c160ddb-fd77-4cef-8b43-4423e5eaf553,Jared Harris,30.0,345.0,7835.0,1744.0,5.0
38857f3d-e7ec-4241-b14c-c1c5237e66fd,Gregory Allen,48.0,756.0,7137.0,2343.0,5.0
b03a3cb6-57df-408f-ad39-cc1b4f28ad06,Jeremy Brooks,31.0,476.0,2671.0,4779.0,3.0
484d88d8-8008-4ca7-ac60-553972bd40f6,Jill Aguilar,42.0,686.0,1228.0,2721.0,3.0
1050a7f2-9411-4a1b-bac1-9e8277dcae8f,Paul Hernandez,22.0,415.0,3547.0,1125.0,2.0
d5cbfa95-77f3-4de1-b7ee-6384382ae88a,Anthony Levine,57.0,590.0,5188.0,1442.0,3.0
fa3b2afc-5093-43be-9603-35f3c366115e,John Kim,26.0,398.0,3309.0,1991.0,1.0
01335dc4-2958-48dd-8430-9bd42b05ff7b,Jamie Williams,58.0,373.0,2409.0,4829.0,4.0
f22069d0-ef2e-469a-9759-49c9b348ec83,Tamara Guerra,53.0,786.0,972.0,2281.0,4.0
aa9b7a30-3782-4456-98e6-e54798501715,Ryan Torres,50.0,325.0,3846.0,1727.0,2.0
4a8ce92c-fb8f-4fa0-86e6-25e3317d3d43,Andrew Clark,27.0,539.0,4914.0,4486.0,0.0
57566b3d-24ba-4fa0-9b76-660b6ded97e4,Michael Singleton,62.0,456.0,2924.0,3906.0,5.0
3eaf6958-ebd6-466e-8bf2-54c4a953e708,Richard Smith,59.0,756.0,4365.0,567.0,4.0
3c64f8d8-6de3-4981-a5a8-5224b9f45d5c,Amber Adams,62.0,562.0,6143.0,2972.0,0.0
46fb5e3b-277b-4b4f-b85c-718aa2571aa4,Stephanie Collier,44.0,799.0,672.0,3313.0,5.0
df37b8b5-97f9-46d3-8f1c-97bc1ec8d509,Ricardo Fisher,50.0,747.0,6685.0,1385.0,1.0
1eeca41b-2009-4c48-a855-f33c8ce03e60,Kathy Mccarty,46.0,704.0,5339.0,1289.0,4.0
2a753a2c-dc76-41d7-a3fd-4ebc12fe85e7,Tasha Gomez,23.0,379.0,2840.0,2306.0,1.0
768e9005-bd0b-4c58-8cee-6c57bf525241,Paula Morris,27.0,602.0,1592.0,4590.0,0.0
71c82982-d9b6-41db-84e7-761504811e91,Daniel Nguyen,60.0,446.0,6519.0,809.0,0.0
8c707f6f-cb6a-4210-bc91-5b9c2f62f78a,Christopher Hunter,22.0,641.0,7694.0,1139.0,2.0
0140f721-f9de-4882-abe7-e09e6d5d965f,Ann Byrd,62.0,392.0,2493.0,1812.0,3.0
eeb82519-91b8-4785-83e7-3d2b85c7d3a9,Matthew Hines,20.0,559.0,3174.0,1721.0,2.0
99d822a4-7c63-48d5-8c6c-17a870c01de4,David Rivas,29.0,568.0,9469.0,1915.0,3.0
7b043fe6-4454-4f19-a556-bb32862faa00,Kerry Hayes,60.0,353.0,1318.0,2920.0,4.0
b601b4c9-d699-4f7f-972b-3794af62dc9f,Shannon Cardenas,56.0,761.0,704.0,2113.0,2.0
372d8ac6-8aef-41bc-94eb-b56b0b79ce8d,Richard Malone,30.0,356.0,9530.0,3499.0,5.0
e30307f0-efb2-4a10-ac7b-f9e88b34a32a,Thomas Harper,25.0,699.0,6700.0,1611.0,4.0
143811fb-3a74-47e3-ba23-e680c8ab7bd8,Jessica Gutierrez,38.0,689.0,5129.0,2675.0,1.0
1ec04087-2524-4c8d-bcbd-b7935f0c97ac,Ryan Butler,27.0,370.0,3670.0,2845.0,2.0
fa90fa36-cb19-465b-bed2-f24f602a2e2f,Erik Lynch,65.0,610.0,2661.0,377.0,2.0
74e23661-7b8e-462d-bddd-8a3a699d9a6e,Michael Guerrero,44.0,798.0,8067.0,2942.0,2.0
d1f55657-7969-426b-b7b3-6c830c87fb54,Luis Mills,42.0,845.0,7756.0,1695.0,0.0
459784df-d853-4981-be80-fe63fc08566c,Jennifer Rodriguez,54.0,802.0,2193.0,4325.0,2.0
e17539db-1e40-49ea-acd5-05a445a61568,Mitchell Chase,30.0,636.0,6044.0,3079.0,0.0
1478de2b-c165-4092-9888-c6e8be1147c0,Tiffany Little,33.0,463.0,6344.0,3520.0,0.0
50406801-07af-4b04-8448-93cfd3846aa6,Michelle Watts,59.0,761.0,4069.0,778.0,4.0
2794a397-49d5-4afc-8cd8-2f671ea1bddc,Donald Herrera,23.0,842.0,8647.0,1448.0,0.0
b52757fc-bc45-4f7b-ad14-819cd314c9a0,Jillian Johnson,41.0,451.0,9074.0,4760.0,2.0
dbe7de4b-2652-43f0-a5aa-e63ee7d8614c,Mark Dickson,45.0,725.0,876.0,3660.0,1.0
5c99cc8a-e1bd-4a06-ab02-a78fe0722b26,Karen Sanders,31.0,447.0,2299.0,4804.0,4.0
cd421296-59e0-4ac3-8f0d-9804bec22f57,Sherry Alvarez,36.0,451.0,2013.0,1420.0,0.0
cdc75d50-2c61-4536-b0b6-22c04e65d90e,Aaron Olsen,51.0,319.0,6923.0,2746.0,3.0
80e46711-e9e6-472e-b9a7-cc1b1af0cff4,Juan Espinoza,43.0,771.0,3829.0,1625.0,1.0
e62784ae-cd27-47b4-b7e4-52123cf1ea7f,Johnathan Cohen,37.0,367.0,9041.0,3671.0,3.0
58ddba39-95fb-45cb-a7fd-78f2bf90200a,Ashley Rodriguez,21.0,633.0,2263.0,4783.0,2.0
e9da94b7-7d1a-48aa-b5de-03223ca4b768,Brent Franco,56.0,475.0,6991.0,3168.0,0.0
ea13d1f2-7424-423f-8630-c3d7930bae68,Nicholas Ferrell,46.0,751.0,2959.0,3313.0,1.0
7901c6ec-fc67-497c-a0a3-dc1eb8a6cd1f,Maria Fields,21.0,453.0,7152.0,2558.0,5.0
1d7aeaea-ef8d-4f4b-bf16-c42089577785,John Griffin Jr.,23.0,848.0,8373.0,3814.0,2.0
52dfc3e6-9e01-4951-a91b-a2674e88e421,Carla Richardson,50.0,356.0,1789.0,2168.0,1.0
c31e99b3-41bc-489a-937d-a88b5b9a41dc,Andrea Thomas,22.0,713.0,9253.0,2659.0,1.0
c5e3e6b9-c63d-4c17-bc27-1aae383c3895,David Perez,33.0,413.0,2993.0,1117.0,1.0
f188d279-d8e1-4219-8e8f-44496d407777,Jacqueline Morrow,55.0,830.0,8336.0,1142.0,1.0
3fb96c0a-7f0e-4008-9c13-45a9efd0f124,Adrienne Allen,34.0,846.0,5733.0,3823.0,5.0
73005346-f105-47dc-8af0-e585e5f46710,Laura Long,64.0,756.0,3360.0,4342.0,4.0
8eb8fc25-154f-4cd2-98e0-bc33f7d0b6c4,Christopher Buchanan,53.0,444.0,1897.0,3214.0,5.0
3c576036-9b9f-48e3-969f-7fca851d3c4c,Charlene Walton,19.0,761.0,4124.0,4830.0,1.0
93ea0aae-eb4d-4f4e-8ba7-9db3a7e52f3e,Mark Flores,50.0,823.0,7920.0,2390.0,3.0
748dd7dd-aa38-4a0b-b97a-5f5bd2f23cc6,Richard Leon,58.0,660.0,5747.0,4474.0,1.0
0de6d664-de95-4638-be87-a38b2c785781,Alan Meyer,23.0,627.0,1410.0,3852.0,3.0
3e64d71f-9aaf-45fc-8dc6-086f6be5b85a,Mr. Timothy Jones,63.0,565.0,3301.0,3107.0,1.0
7fc7e8c0-c18c-4c13-8637-535168fc4934,Jonathon Webster,52.0,448.0,5875.0,3381.0,4.0
1cf2307b-d8e3-4eb4-8310-63c8239fffb3,Jonathan Rivera,27.0,776.0,1715.0,3977.0,1.0
2278ed8f-25d3-44e7-8d5c-0aabec843f0a,Timothy Fernandez,61.0,740.0,4528.0,4229.0,5.0
64d14cc7-996d-4f4b-b636-5b2e253e40b0,Deborah Johnson,41.0,432.0,563.0,2266.0,0.0
6c7f4a6c-cd56-46d7-8ef9-3e69ad8d4490,Joshua Murray,43.0,821.0,4576.0,4315.0,2.0
1d188c42-197b-438b-8023-96f225416ebc,Albert Petersen,46.0,824.0,7398.0,2590.0,1.0
